index,pilar,format,setting,host,durasi_target,judul_internal,hook,beats,cta,caption_on_screen,tiktok_caption,tiktok_hashtags,youtube_title,youtube_description
1,Mitos vs Fakta,Tanya Jawab Interaktif,Rumah Giling & Roastery Mandailing,Kak Nur,20-30 detik,Mitos vs Fakta — Tanya Jawab Interaktif (Kak Nur @ Rumah Giling & Roastery Mandailing),Kak Nur mau tanya: menurut kamu kenapa kopi organik berarti tanpa proses sama sekali?,Kopi Sumatra organik tidak otomatis berarti tanpa proses sama sekali - tetap melalui giling basah standar.,"Tulis jawabanmu di komentar, nanti dijawab Kak Nur di video berikutnya!",Kopi Sumatra organik tidak otomatis berarti tanpa proses sama sekali - tetap melalui giling basah standar.,Kak Nur mau tanya: menurut kamu kenapa kopi organik berarti tanpa proses sama sekali? Eps 1/100 🌱☕,#kopisumatra #mitosfakta #edukasikopi #coffeetok,Mitos vs Fakta #Shorts,Kopi Sumatra organik tidak otomatis berarti tanpa proses sama sekali - tetap melalui giling basah standar. Eps 1/100 seri Kopi Sumatra: Dari Kebun ke Cangkir. #kopisumatra #edukasikopi #Shorts
2,Asal-usul & Geografi,Di Balik Layar,Kebun Kopi Gayo,Adit,25-35 detik,Asal-usul & Geografi — Di Balik Layar (Adit @ Kebun Kopi Gayo),Ini sisi yang jarang orang lihat dari sumatra lebih banyak arabika daripada robusta.,"Sumatra didominasi kopi Arabika di dataran tinggi, bukan Robusta. | Tiga sentra utama kopi Sumatra: Gayo (Aceh), Lintong, dan Mandailing (Sumatera Utara).",Follow buat lihat lebih banyak sisi di balik layar kopi Sumatra!,"Sumatra didominasi kopi Arabika di dataran tinggi, bukan Robusta.",Ini sisi yang jarang orang lihat dari sumatra lebih banyak arabika daripada robusta. Eps 2/100 🌱☕,#kopisumatra #asalusul #edukasikopi #coffeetok,Asal-usul & Geografi #Shorts,"Sumatra didominasi kopi Arabika di dataran tinggi, bukan Robusta. Eps 2/100 seri Kopi Sumatra: Dari Kebun ke Cangkir. #kopisumatra #edukasikopi #Shorts"
3,Karakter Rasa & Cupping,POV Kunjungan Kebun,Rumah Giling & Roastery Mandailing,Adit,25-35 detik,Karakter Rasa & Cupping — POV Kunjungan Kebun (Adit @ Rumah Giling & Roastery Mandailing),POV: kamu baru sampai di Rumah Giling & Roastery Mandailing bareng Adit.,"After-taste kopi Sumatra biasanya bertahan lama di lidah. | Kopi Sumatra dikenal dengan rasa earthy, herbal, dan rempah yang khas.",Komentar 'lanjut' kalau mau Adit tunjukin tahap berikutnya!,After-taste kopi Sumatra biasanya bertahan lama di lidah.,POV: kamu baru sampai di Rumah Giling & Roastery Mandailing bareng Adit. Eps 3/100 🌱☕,#kopisumatra #citarasa #edukasikopi #coffeetok,Karakter Rasa & Cupping #Shorts,After-taste kopi Sumatra biasanya bertahan lama di lidah. Eps 3/100 seri Kopi Sumatra: Dari Kebun ke Cangkir. #kopisumatra #edukasikopi #Shorts
4,Karakter Rasa & Cupping,ASMR Proses,Kebun Kopi Gayo,Pak Bahri,20-30 detik,Karakter Rasa & Cupping — ASMR Proses (Pak Bahri @ Kebun Kopi Gayo),Dengarkan dan lihat prosesnya baik-baik.,"After-taste kopi Sumatra biasanya bertahan lama di lidah. | Kopi Sumatra dikenal dengan rasa earthy, herbal, dan rempah yang khas.",Tenang banget ya prosesnya? Follow buat konten ASMR kopi lainnya!,After-taste kopi Sumatra biasanya bertahan lama di lidah.,Dengarkan dan lihat prosesnya baik-baik. Eps 4/100 🌱☕,#kopisumatra #citarasa #edukasikopi #coffeetok,Karakter Rasa & Cupping #Shorts,After-taste kopi Sumatra biasanya bertahan lama di lidah. Eps 4/100 seri Kopi Sumatra: Dari Kebun ke Cangkir. #kopisumatra #edukasikopi #Shorts
5,Mitos vs Fakta,Fakta Cepat,Kebun Kopi Gayo,Adit,15-20 detik,Mitos vs Fakta — Fakta Cepat (Adit @ Kebun Kopi Gayo),Tau nggak kenapa kopi organik berarti tanpa proses sama sekali?,Kopi Sumatra organik tidak otomatis berarti tanpa proses sama sekali - tetap melalui giling basah standar.,Follow biar kamu makin banyak tau fakta kopi Sumatra!,Kopi Sumatra organik tidak otomatis berarti tanpa proses sama sekali - tetap melalui giling basah standar.,Tau nggak kenapa kopi organik berarti tanpa proses sama sekali? Eps 5/100 🌱☕,#kopisumatra #mitosfakta #edukasikopi #coffeetok,Mitos vs Fakta #Shorts,Kopi Sumatra organik tidak otomatis berarti tanpa proses sama sekali - tetap melalui giling basah standar. Eps 5/100 seri Kopi Sumatra: Dari Kebun ke Cangkir. #kopisumatra #edukasikopi #Shorts
6,Asal-usul & Geografi,Sejarah Singkat,Rumah Giling & Roastery Mandailing,Adit,25-35 detik,Asal-usul & Geografi — Sejarah Singkat (Adit @ Rumah Giling & Roastery Mandailing),Sejarah singkat kenapa sumatra lebih banyak arabika daripada robusta.,"Sumatra didominasi kopi Arabika di dataran tinggi, bukan Robusta. | Tiga sentra utama kopi Sumatra: Gayo (Aceh), Lintong, dan Mandailing (Sumatera Utara).",Mau tau sejarah kopi lainnya? Follow ya!,"Sumatra didominasi kopi Arabika di dataran tinggi, bukan Robusta.",Sejarah singkat kenapa sumatra lebih banyak arabika daripada robusta. Eps 6/100 🌱☕,#kopisumatra #asalusul #edukasikopi #coffeetok,Asal-usul & Geografi #Shorts,"Sumatra didominasi kopi Arabika di dataran tinggi, bukan Robusta. Eps 6/100 seri Kopi Sumatra: Dari Kebun ke Cangkir. #kopisumatra #edukasikopi #Shorts"
7,Proses Roasting,Tanya Jawab Interaktif,Rumah Giling & Roastery Mandailing,Pak Bahri,20-30 detik,Proses Roasting — Tanya Jawab Interaktif (Pak Bahri @ Rumah Giling & Roastery Mandailing),Pak Bahri mau tanya: menurut kamu kenapa biji kopi berubah drastis saat di-roast?,Biji kopi kehilangan berat dan berubah warna drastis selama proses roasting.,"Tulis jawabanmu di komentar, nanti dijawab Pak Bahri di video berikutnya!",Biji kopi kehilangan berat dan berubah warna drastis selama proses roasting.,Pak Bahri mau tanya: menurut kamu kenapa biji kopi berubah drastis saat di-roast? Eps 7/100 🌱☕,#kopisumatra #roasting #edukasikopi #coffeetok,Proses Roasting #Shorts,Biji kopi kehilangan berat dan berubah warna drastis selama proses roasting. Eps 7/100 seri Kopi Sumatra: Dari Kebun ke Cangkir. #kopisumatra #edukasikopi #Shorts
8,Budaya Ngopi & Petani,Di Balik Layar,Rumah Giling & Roastery Mandailing,Pak Bahri,25-35 detik,Budaya Ngopi & Petani — Di Balik Layar (Pak Bahri @ Rumah Giling & Roastery Mandailing),Ini sisi yang jarang orang lihat dari harga kopi dunia memengaruhi petani kecil.,"Harga kopi dunia yang fluktuatif berdampak langsung pada pendapatan petani kecil. | Warung kopi adalah pusat sosial di Aceh, tempat diskusi hingga transaksi bisnis.",Follow buat lihat lebih banyak sisi di balik layar kopi Sumatra!,Harga kopi dunia yang fluktuatif berdampak langsung pada pendapatan petani kecil.,Ini sisi yang jarang orang lihat dari harga kopi dunia memengaruhi petani kecil. Eps 8/100 🌱☕,#kopisumatra #budaya #edukasikopi #coffeetok,Budaya Ngopi & Petani #Shorts,Harga kopi dunia yang fluktuatif berdampak langsung pada pendapatan petani kecil. Eps 8/100 seri Kopi Sumatra: Dari Kebun ke Cangkir. #kopisumatra #edukasikopi #Shorts
9,Sortasi & Fermentasi,POV Kunjungan Kebun,Kebun Kopi Gayo,Pak Bahri,25-35 detik,Sortasi & Fermentasi — POV Kunjungan Kebun (Pak Bahri @ Kebun Kopi Gayo),POV: kamu baru sampai di Kebun Kopi Gayo bareng Pak Bahri.,"Kualitas sortasi sangat memengaruhi harga jual kopi ke eksportir. | Setelah giling basah, biji kopi disortasi manual untuk membuang biji cacat atau berlubang.",Komentar 'lanjut' kalau mau Pak Bahri tunjukin tahap berikutnya!,Kualitas sortasi sangat memengaruhi harga jual kopi ke eksportir.,POV: kamu baru sampai di Kebun Kopi Gayo bareng Pak Bahri. Eps 9/100 🌱☕,#kopisumatra #sortasifermentasi #edukasikopi #coffeetok,Sortasi & Fermentasi #Shorts,Kualitas sortasi sangat memengaruhi harga jual kopi ke eksportir. Eps 9/100 seri Kopi Sumatra: Dari Kebun ke Cangkir. #kopisumatra #edukasikopi #Shorts
10,Mitos vs Fakta,Day in the Life,Kebun Kopi Lintong,Pak Bahri,25-40 detik,Mitos vs Fakta — Day in the Life (Pak Bahri @ Kebun Kopi Lintong),Sehari mengikuti Pak Bahri di Kebun Kopi Lintong.,Kopi Sumatra organik tidak otomatis berarti tanpa proses sama sekali - tetap melalui giling basah standar. | Tidak semua kopi Sumatra adalah kopi luwak - luwak hanya sebagian sangat kecil dari produksi.,Follow buat ikutin keseharian Pak Bahri bikin kopi Sumatra tiap hari!,Kopi Sumatra organik tidak otomatis berarti tanpa proses sama sekali - tetap melalui giling basah standar.,Sehari mengikuti Pak Bahri di Kebun Kopi Lintong. Eps 10/100 🌱☕,#kopisumatra #mitosfakta #edukasikopi #coffeetok,Mitos vs Fakta #Shorts,Kopi Sumatra organik tidak otomatis berarti tanpa proses sama sekali - tetap melalui giling basah standar. Eps 10/100 seri Kopi Sumatra: Dari Kebun ke Cangkir. #kopisumatra #edukasikopi #Shorts
11,Sortasi & Fermentasi,ASMR Proses,Kebun Kopi Lintong,Kak Nur,20-30 detik,Sortasi & Fermentasi — ASMR Proses (Kak Nur @ Kebun Kopi Lintong),Dengarkan dan lihat prosesnya baik-baik.,"Kualitas sortasi sangat memengaruhi harga jual kopi ke eksportir. | Setelah giling basah, biji kopi disortasi manual untuk membuang biji cacat atau berlubang.",Tenang banget ya prosesnya? Follow buat konten ASMR kopi lainnya!,Kualitas sortasi sangat memengaruhi harga jual kopi ke eksportir.,Dengarkan dan lihat prosesnya baik-baik. Eps 11/100 🌱☕,#kopisumatra #sortasifermentasi #edukasikopi #coffeetok,Sortasi & Fermentasi #Shorts,Kualitas sortasi sangat memengaruhi harga jual kopi ke eksportir. Eps 11/100 seri Kopi Sumatra: Dari Kebun ke Cangkir. #kopisumatra #edukasikopi #Shorts
12,Proses Roasting,Tanya Jawab Interaktif,Kebun Kopi Lintong,Adit,20-30 detik,Proses Roasting — Tanya Jawab Interaktif (Adit @ Kebun Kopi Lintong),Adit mau tanya: menurut kamu kenapa biji kopi berubah drastis saat di-roast?,Biji kopi kehilangan berat dan berubah warna drastis selama proses roasting.,"Tulis jawabanmu di komentar, nanti dijawab Adit di video berikutnya!",Biji kopi kehilangan berat dan berubah warna drastis selama proses roasting.,Adit mau tanya: menurut kamu kenapa biji kopi berubah drastis saat di-roast? Eps 12/100 🌱☕,#kopisumatra #roasting #edukasikopi #coffeetok,Proses Roasting #Shorts,Biji kopi kehilangan berat dan berubah warna drastis selama proses roasting. Eps 12/100 seri Kopi Sumatra: Dari Kebun ke Cangkir. #kopisumatra #edukasikopi #Shorts
13,Penanaman & Perawatan,Di Balik Layar,Kebun Kopi Lintong,Adit,25-35 detik,Penanaman & Perawatan — Di Balik Layar (Adit @ Kebun Kopi Lintong),Ini sisi yang jarang orang lihat dari naungan pohon menjaga kelembapan tanah.,Naungan pohon juga membantu menjaga kelembapan tanah di musim kering. | Butuh 3-4 tahun sejak tanam sebelum pohon kopi berbuah untuk pertama kali.,Follow buat lihat lebih banyak sisi di balik layar kopi Sumatra!,Naungan pohon juga membantu menjaga kelembapan tanah di musim kering.,Ini sisi yang jarang orang lihat dari naungan pohon menjaga kelembapan tanah. Eps 13/100 🌱☕,#kopisumatra #penanaman #edukasikopi #coffeetok,Penanaman & Perawatan #Shorts,Naungan pohon juga membantu menjaga kelembapan tanah di musim kering. Eps 13/100 seri Kopi Sumatra: Dari Kebun ke Cangkir. #kopisumatra #edukasikopi #Shorts
14,Proses Roasting,Tanya Jawab Interaktif,Kebun Kopi Lintong,Pak Bahri,20-30 detik,Proses Roasting — Tanya Jawab Interaktif (Pak Bahri @ Kebun Kopi Lintong),Pak Bahri mau tanya: menurut kamu kenapa biji kopi berubah drastis saat di-roast?,Biji kopi kehilangan berat dan berubah warna drastis selama proses roasting.,"Tulis jawabanmu di komentar, nanti dijawab Pak Bahri di video berikutnya!",Biji kopi kehilangan berat dan berubah warna drastis selama proses roasting.,Pak Bahri mau tanya: menurut kamu kenapa biji kopi berubah drastis saat di-roast? Eps 14/100 🌱☕,#kopisumatra #roasting #edukasikopi #coffeetok,Proses Roasting #Shorts,Biji kopi kehilangan berat dan berubah warna drastis selama proses roasting. Eps 14/100 seri Kopi Sumatra: Dari Kebun ke Cangkir. #kopisumatra #edukasikopi #Shorts
15,Sortasi & Fermentasi,Day in the Life,Rumah Giling & Roastery Mandailing,Kak Nur,25-40 detik,Sortasi & Fermentasi — Day in the Life (Kak Nur @ Rumah Giling & Roastery Mandailing),Sehari mengikuti Kak Nur di Rumah Giling & Roastery Mandailing.,"Kualitas sortasi sangat memengaruhi harga jual kopi ke eksportir. | Setelah giling basah, biji kopi disortasi manual untuk membuang biji cacat atau berlubang.",Follow buat ikutin keseharian Kak Nur bikin kopi Sumatra tiap hari!,Kualitas sortasi sangat memengaruhi harga jual kopi ke eksportir.,Sehari mengikuti Kak Nur di Rumah Giling & Roastery Mandailing. Eps 15/100 🌱☕,#kopisumatra #sortasifermentasi #edukasikopi #coffeetok,Sortasi & Fermentasi #Shorts,Kualitas sortasi sangat memengaruhi harga jual kopi ke eksportir. Eps 15/100 seri Kopi Sumatra: Dari Kebun ke Cangkir. #kopisumatra #edukasikopi #Shorts
16,Sortasi & Fermentasi,Fakta Cepat,Kebun Kopi Lintong,Pak Bahri,15-20 detik,Sortasi & Fermentasi — Fakta Cepat (Pak Bahri @ Kebun Kopi Lintong),Tau nggak kenapa sortasi memengaruhi harga jual kopi?,Kualitas sortasi sangat memengaruhi harga jual kopi ke eksportir.,Follow biar kamu makin banyak tau fakta kopi Sumatra!,Kualitas sortasi sangat memengaruhi harga jual kopi ke eksportir.,Tau nggak kenapa sortasi memengaruhi harga jual kopi? Eps 16/100 🌱☕,#kopisumatra #sortasifermentasi #edukasikopi #coffeetok,Sortasi & Fermentasi #Shorts,Kualitas sortasi sangat memengaruhi harga jual kopi ke eksportir. Eps 16/100 seri Kopi Sumatra: Dari Kebun ke Cangkir. #kopisumatra #edukasikopi #Shorts
17,Proses Roasting,Perbandingan,Kebun Kopi Gayo,Pak Bahri,25-35 detik,Proses Roasting — Perbandingan (Pak Bahri @ Kebun Kopi Gayo),Kebun Kopi Gayo: mari kita bandingkan dua sisi soal biji kopi berubah drastis saat di-roast.,"Biji kopi kehilangan berat dan berubah warna drastis selama proses roasting. | Karena body-nya tebal, kopi Sumatra sering di-roast pada level medium hingga dark.",Menurut kamu mana yang lebih menarik? Komen di bawah!,Biji kopi kehilangan berat dan berubah warna drastis selama proses roasting.,Kebun Kopi Gayo: mari kita bandingkan dua sisi soal biji kopi berubah drastis saat di-roast. Eps 17/100 🌱☕,#kopisumatra #roasting #edukasikopi #coffeetok,Proses Roasting #Shorts,Biji kopi kehilangan berat dan berubah warna drastis selama proses roasting. Eps 17/100 seri Kopi Sumatra: Dari Kebun ke Cangkir. #kopisumatra #edukasikopi #Shorts
18,Mitos vs Fakta,POV Kunjungan Kebun,Rumah Giling & Roastery Mandailing,Kak Nur,25-35 detik,Mitos vs Fakta — POV Kunjungan Kebun (Kak Nur @ Rumah Giling & Roastery Mandailing),POV: kamu baru sampai di Rumah Giling & Roastery Mandailing bareng Kak Nur.,Kopi Sumatra organik tidak otomatis berarti tanpa proses sama sekali - tetap melalui giling basah standar. | Tidak semua kopi Sumatra adalah kopi luwak - luwak hanya sebagian sangat kecil dari produksi.,Komentar 'lanjut' kalau mau Kak Nur tunjukin tahap berikutnya!,Kopi Sumatra organik tidak otomatis berarti tanpa proses sama sekali - tetap melalui giling basah standar.,POV: kamu baru sampai di Rumah Giling & Roastery Mandailing bareng Kak Nur. Eps 18/100 🌱☕,#kopisumatra #mitosfakta #edukasikopi #coffeetok,Mitos vs Fakta #Shorts,Kopi Sumatra organik tidak otomatis berarti tanpa proses sama sekali - tetap melalui giling basah standar. Eps 18/100 seri Kopi Sumatra: Dari Kebun ke Cangkir. #kopisumatra #edukasikopi #Shorts
19,Mitos vs Fakta,Perbandingan,Kebun Kopi Gayo,Kak Nur,25-35 detik,Mitos vs Fakta — Perbandingan (Kak Nur @ Kebun Kopi Gayo),Kebun Kopi Gayo: mari kita bandingkan dua sisi soal kopi organik berarti tanpa proses sama sekali.,Kopi Sumatra organik tidak otomatis berarti tanpa proses sama sekali - tetap melalui giling basah standar. | Tidak semua kopi Sumatra adalah kopi luwak - luwak hanya sebagian sangat kecil dari produksi.,Menurut kamu mana yang lebih menarik? Komen di bawah!,Kopi Sumatra organik tidak otomatis berarti tanpa proses sama sekali - tetap melalui giling basah standar.,Kebun Kopi Gayo: mari kita bandingkan dua sisi soal kopi organik berarti tanpa proses sama sekali. Eps 19/100 🌱☕,#kopisumatra #mitosfakta #edukasikopi #coffeetok,Mitos vs Fakta #Shorts,Kopi Sumatra organik tidak otomatis berarti tanpa proses sama sekali - tetap melalui giling basah standar. Eps 19/100 seri Kopi Sumatra: Dari Kebun ke Cangkir. #kopisumatra #edukasikopi #Shorts
20,Penanaman & Perawatan,POV Kunjungan Kebun,Kebun Kopi Gayo,Adit,25-35 detik,Penanaman & Perawatan — POV Kunjungan Kebun (Adit @ Kebun Kopi Gayo),POV: kamu baru sampai di Kebun Kopi Gayo bareng Adit.,Naungan pohon juga membantu menjaga kelembapan tanah di musim kering. | Butuh 3-4 tahun sejak tanam sebelum pohon kopi berbuah untuk pertama kali.,Komentar 'lanjut' kalau mau Adit tunjukin tahap berikutnya!,Naungan pohon juga membantu menjaga kelembapan tanah di musim kering.,POV: kamu baru sampai di Kebun Kopi Gayo bareng Adit. Eps 20/100 🌱☕,#kopisumatra #penanaman #edukasikopi #coffeetok,Penanaman & Perawatan #Shorts,Naungan pohon juga membantu menjaga kelembapan tanah di musim kering. Eps 20/100 seri Kopi Sumatra: Dari Kebun ke Cangkir. #kopisumatra #edukasikopi #Shorts
21,Budaya Ngopi & Petani,Day in the Life,Kebun Kopi Lintong,Pak Bahri,25-40 detik,Budaya Ngopi & Petani — Day in the Life (Pak Bahri @ Kebun Kopi Lintong),Sehari mengikuti Pak Bahri di Kebun Kopi Lintong.,"Harga kopi dunia yang fluktuatif berdampak langsung pada pendapatan petani kecil. | Warung kopi adalah pusat sosial di Aceh, tempat diskusi hingga transaksi bisnis.",Follow buat ikutin keseharian Pak Bahri bikin kopi Sumatra tiap hari!,Harga kopi dunia yang fluktuatif berdampak langsung pada pendapatan petani kecil.,Sehari mengikuti Pak Bahri di Kebun Kopi Lintong. Eps 21/100 🌱☕,#kopisumatra #budaya #edukasikopi #coffeetok,Budaya Ngopi & Petani #Shorts,Harga kopi dunia yang fluktuatif berdampak langsung pada pendapatan petani kecil. Eps 21/100 seri Kopi Sumatra: Dari Kebun ke Cangkir. #kopisumatra #edukasikopi #Shorts
22,Panen (Petik Merah),POV Kunjungan Kebun,Kebun Kopi Gayo,Adit,25-35 detik,Panen (Petik Merah) — POV Kunjungan Kebun (Adit @ Kebun Kopi Gayo),POV: kamu baru sampai di Kebun Kopi Gayo bareng Adit.,"Panen adalah tahap paling padat karya dalam seluruh rantai produksi kopi. | Kopi kualitas terbaik dipanen manual, hanya ceri yang sudah merah matang (petik merah).",Komentar 'lanjut' kalau mau Adit tunjukin tahap berikutnya!,Panen adalah tahap paling padat karya dalam seluruh rantai produksi kopi.,POV: kamu baru sampai di Kebun Kopi Gayo bareng Adit. Eps 22/100 🌱☕,#kopisumatra #panen #edukasikopi #coffeetok,Panen (Petik Merah) #Shorts,Panen adalah tahap paling padat karya dalam seluruh rantai produksi kopi. Eps 22/100 seri Kopi Sumatra: Dari Kebun ke Cangkir. #kopisumatra #edukasikopi #Shorts
23,Budaya Ngopi & Petani,Tutorial Mini,Kebun Kopi Gayo,Kak Nur,20-30 detik,Budaya Ngopi & Petani — Tutorial Mini (Kak Nur @ Kebun Kopi Gayo),"Begini cara harga kopi dunia memengaruhi petani kecil, gampang kok!","Harga kopi dunia yang fluktuatif berdampak langsung pada pendapatan petani kecil. | Warung kopi adalah pusat sosial di Aceh, tempat diskusi hingga transaksi bisnis.",Save video ini biar nggak lupa langkahnya!,Harga kopi dunia yang fluktuatif berdampak langsung pada pendapatan petani kecil.,"Begini cara harga kopi dunia memengaruhi petani kecil, gampang kok! Eps 23/100 🌱☕",#kopisumatra #budaya #edukasikopi #coffeetok,Budaya Ngopi & Petani #Shorts,Harga kopi dunia yang fluktuatif berdampak langsung pada pendapatan petani kecil. Eps 23/100 seri Kopi Sumatra: Dari Kebun ke Cangkir. #kopisumatra #edukasikopi #Shorts
24,Proses Giling Basah (ciri khas Sumatra),Sejarah Singkat,Kebun Kopi Lintong,Kak Nur,25-35 detik,Proses Giling Basah (ciri khas Sumatra) — Sejarah Singkat (Kak Nur @ Kebun Kopi Lintong),Sejarah singkat kenapa petani sumatra mengembangkan giling basah.,Giling basah berkembang sebagai solusi petani menghadapi cuaca tropis yang lembap. | Giling basah (wet-hulling) adalah proses pascapanen unik yang cuma umum di Sumatra.,Mau tau sejarah kopi lainnya? Follow ya!,Giling basah berkembang sebagai solusi petani menghadapi cuaca tropis yang lembap.,Sejarah singkat kenapa petani sumatra mengembangkan giling basah. Eps 24/100 🌱☕,#kopisumatra #gilingbasah #edukasikopi #coffeetok,Proses Giling Basah (ciri khas Sumatra) #Shorts,Giling basah berkembang sebagai solusi petani menghadapi cuaca tropis yang lembap. Eps 24/100 seri Kopi Sumatra: Dari Kebun ke Cangkir. #kopisumatra #edukasikopi #Shorts
25,Mitos vs Fakta,ASMR Proses,Rumah Giling & Roastery Mandailing,Adit,20-30 detik,Mitos vs Fakta — ASMR Proses (Adit @ Rumah Giling & Roastery Mandailing),Dengarkan dan lihat prosesnya baik-baik.,Kopi Sumatra organik tidak otomatis berarti tanpa proses sama sekali - tetap melalui giling basah standar. | Tidak semua kopi Sumatra adalah kopi luwak - luwak hanya sebagian sangat kecil dari produksi.,Tenang banget ya prosesnya? Follow buat konten ASMR kopi lainnya!,Kopi Sumatra organik tidak otomatis berarti tanpa proses sama sekali - tetap melalui giling basah standar.,Dengarkan dan lihat prosesnya baik-baik. Eps 25/100 🌱☕,#kopisumatra #mitosfakta #edukasikopi #coffeetok,Mitos vs Fakta #Shorts,Kopi Sumatra organik tidak otomatis berarti tanpa proses sama sekali - tetap melalui giling basah standar. Eps 25/100 seri Kopi Sumatra: Dari Kebun ke Cangkir. #kopisumatra #edukasikopi #Shorts
26,Karakter Rasa & Cupping,Day in the Life,Kebun Kopi Lintong,Pak Bahri,25-40 detik,Karakter Rasa & Cupping — Day in the Life (Pak Bahri @ Kebun Kopi Lintong),Sehari mengikuti Pak Bahri di Kebun Kopi Lintong.,"After-taste kopi Sumatra biasanya bertahan lama di lidah. | Kopi Sumatra dikenal dengan rasa earthy, herbal, dan rempah yang khas.",Follow buat ikutin keseharian Pak Bahri bikin kopi Sumatra tiap hari!,After-taste kopi Sumatra biasanya bertahan lama di lidah.,Sehari mengikuti Pak Bahri di Kebun Kopi Lintong. Eps 26/100 🌱☕,#kopisumatra #citarasa #edukasikopi #coffeetok,Karakter Rasa & Cupping #Shorts,After-taste kopi Sumatra biasanya bertahan lama di lidah. Eps 26/100 seri Kopi Sumatra: Dari Kebun ke Cangkir. #kopisumatra #edukasikopi #Shorts
27,Sortasi & Fermentasi,Mitos vs Fakta,Kebun Kopi Gayo,Pak Bahri,20-30 detik,Sortasi & Fermentasi — Mitos vs Fakta (Pak Bahri @ Kebun Kopi Gayo),Katanya sortasi memengaruhi harga jual kopi. Beneran gitu?,"Kualitas sortasi sangat memengaruhi harga jual kopi ke eksportir. | Setelah giling basah, biji kopi disortasi manual untuk membuang biji cacat atau berlubang.",Follow biar kamu nggak salah kaprah soal kopi lagi!,Kualitas sortasi sangat memengaruhi harga jual kopi ke eksportir.,Katanya sortasi memengaruhi harga jual kopi. Beneran gitu? Eps 27/100 🌱☕,#kopisumatra #sortasifermentasi #edukasikopi #coffeetok,Sortasi & Fermentasi #Shorts,Kualitas sortasi sangat memengaruhi harga jual kopi ke eksportir. Eps 27/100 seri Kopi Sumatra: Dari Kebun ke Cangkir. #kopisumatra #edukasikopi #Shorts
28,Karakter Rasa & Cupping,Mitos vs Fakta,Rumah Giling & Roastery Mandailing,Kak Nur,20-30 detik,Karakter Rasa & Cupping — Mitos vs Fakta (Kak Nur @ Rumah Giling & Roastery Mandailing),Katanya after-taste kopi sumatra tahan lama. Beneran gitu?,"After-taste kopi Sumatra biasanya bertahan lama di lidah. | Kopi Sumatra dikenal dengan rasa earthy, herbal, dan rempah yang khas.",Follow biar kamu nggak salah kaprah soal kopi lagi!,After-taste kopi Sumatra biasanya bertahan lama di lidah.,Katanya after-taste kopi sumatra tahan lama. Beneran gitu? Eps 28/100 🌱☕,#kopisumatra #citarasa #edukasikopi #coffeetok,Karakter Rasa & Cupping #Shorts,After-taste kopi Sumatra biasanya bertahan lama di lidah. Eps 28/100 seri Kopi Sumatra: Dari Kebun ke Cangkir. #kopisumatra #edukasikopi #Shorts
29,Karakter Rasa & Cupping,Perbandingan,Kebun Kopi Lintong,Kak Nur,25-35 detik,Karakter Rasa & Cupping — Perbandingan (Kak Nur @ Kebun Kopi Lintong),Kebun Kopi Lintong: mari kita bandingkan dua sisi soal after-taste kopi sumatra tahan lama.,"After-taste kopi Sumatra biasanya bertahan lama di lidah. | Kopi Sumatra dikenal dengan rasa earthy, herbal, dan rempah yang khas.",Menurut kamu mana yang lebih menarik? Komen di bawah!,After-taste kopi Sumatra biasanya bertahan lama di lidah.,Kebun Kopi Lintong: mari kita bandingkan dua sisi soal after-taste kopi sumatra tahan lama. Eps 29/100 🌱☕,#kopisumatra #citarasa #edukasikopi #coffeetok,Karakter Rasa & Cupping #Shorts,After-taste kopi Sumatra biasanya bertahan lama di lidah. Eps 29/100 seri Kopi Sumatra: Dari Kebun ke Cangkir. #kopisumatra #edukasikopi #Shorts
30,Budaya Ngopi & Petani,ASMR Proses,Kebun Kopi Gayo,Kak Nur,20-30 detik,Budaya Ngopi & Petani — ASMR Proses (Kak Nur @ Kebun Kopi Gayo),Dengarkan dan lihat prosesnya baik-baik.,"Harga kopi dunia yang fluktuatif berdampak langsung pada pendapatan petani kecil. | Warung kopi adalah pusat sosial di Aceh, tempat diskusi hingga transaksi bisnis.",Tenang banget ya prosesnya? Follow buat konten ASMR kopi lainnya!,Harga kopi dunia yang fluktuatif berdampak langsung pada pendapatan petani kecil.,Dengarkan dan lihat prosesnya baik-baik. Eps 30/100 🌱☕,#kopisumatra #budaya #edukasikopi #coffeetok,Budaya Ngopi & Petani #Shorts,Harga kopi dunia yang fluktuatif berdampak langsung pada pendapatan petani kecil. Eps 30/100 seri Kopi Sumatra: Dari Kebun ke Cangkir. #kopisumatra #edukasikopi #Shorts
31,Metode Seduh,POV Kunjungan Kebun,Kebun Kopi Lintong,Pak Bahri,25-35 detik,Metode Seduh — POV Kunjungan Kebun (Pak Bahri @ Kebun Kopi Lintong),POV: kamu baru sampai di Kebun Kopi Lintong bareng Pak Bahri.,Ukuran gilingan (grind size) sangat memengaruhi rasa akhir dari metode seduh apapun. | French press dan moka pot sangat cocok untuk menonjolkan body tebal kopi Sumatra.,Komentar 'lanjut' kalau mau Pak Bahri tunjukin tahap berikutnya!,Ukuran gilingan (grind size) sangat memengaruhi rasa akhir dari metode seduh apapun.,POV: kamu baru sampai di Kebun Kopi Lintong bareng Pak Bahri. Eps 31/100 🌱☕,#kopisumatra #brewing #edukasikopi #coffeetok,Metode Seduh #Shorts,Ukuran gilingan (grind size) sangat memengaruhi rasa akhir dari metode seduh apapun. Eps 31/100 seri Kopi Sumatra: Dari Kebun ke Cangkir. #kopisumatra #edukasikopi #Shorts
32,Asal-usul & Geografi,POV Kunjungan Kebun,Kebun Kopi Gayo,Adit,25-35 detik,Asal-usul & Geografi — POV Kunjungan Kebun (Adit @ Kebun Kopi Gayo),POV: kamu baru sampai di Kebun Kopi Gayo bareng Adit.,"Sumatra didominasi kopi Arabika di dataran tinggi, bukan Robusta. | Tiga sentra utama kopi Sumatra: Gayo (Aceh), Lintong, dan Mandailing (Sumatera Utara).",Komentar 'lanjut' kalau mau Adit tunjukin tahap berikutnya!,"Sumatra didominasi kopi Arabika di dataran tinggi, bukan Robusta.",POV: kamu baru sampai di Kebun Kopi Gayo bareng Adit. Eps 32/100 🌱☕,#kopisumatra #asalusul #edukasikopi #coffeetok,Asal-usul & Geografi #Shorts,"Sumatra didominasi kopi Arabika di dataran tinggi, bukan Robusta. Eps 32/100 seri Kopi Sumatra: Dari Kebun ke Cangkir. #kopisumatra #edukasikopi #Shorts"
33,Mitos vs Fakta,POV Kunjungan Kebun,Kebun Kopi Gayo,Pak Bahri,25-35 detik,Mitos vs Fakta — POV Kunjungan Kebun (Pak Bahri @ Kebun Kopi Gayo),POV: kamu baru sampai di Kebun Kopi Gayo bareng Pak Bahri.,Kopi Sumatra organik tidak otomatis berarti tanpa proses sama sekali - tetap melalui giling basah standar. | Tidak semua kopi Sumatra adalah kopi luwak - luwak hanya sebagian sangat kecil dari produksi.,Komentar 'lanjut' kalau mau Pak Bahri tunjukin tahap berikutnya!,Kopi Sumatra organik tidak otomatis berarti tanpa proses sama sekali - tetap melalui giling basah standar.,POV: kamu baru sampai di Kebun Kopi Gayo bareng Pak Bahri. Eps 33/100 🌱☕,#kopisumatra #mitosfakta #edukasikopi #coffeetok,Mitos vs Fakta #Shorts,Kopi Sumatra organik tidak otomatis berarti tanpa proses sama sekali - tetap melalui giling basah standar. Eps 33/100 seri Kopi Sumatra: Dari Kebun ke Cangkir. #kopisumatra #edukasikopi #Shorts
34,Asal-usul & Geografi,Di Balik Layar,Kebun Kopi Lintong,Adit,25-35 detik,Asal-usul & Geografi — Di Balik Layar (Adit @ Kebun Kopi Lintong),Ini sisi yang jarang orang lihat dari sumatra lebih banyak arabika daripada robusta.,"Sumatra didominasi kopi Arabika di dataran tinggi, bukan Robusta. | Tiga sentra utama kopi Sumatra: Gayo (Aceh), Lintong, dan Mandailing (Sumatera Utara).",Follow buat lihat lebih banyak sisi di balik layar kopi Sumatra!,"Sumatra didominasi kopi Arabika di dataran tinggi, bukan Robusta.",Ini sisi yang jarang orang lihat dari sumatra lebih banyak arabika daripada robusta. Eps 34/100 🌱☕,#kopisumatra #asalusul #edukasikopi #coffeetok,Asal-usul & Geografi #Shorts,"Sumatra didominasi kopi Arabika di dataran tinggi, bukan Robusta. Eps 34/100 seri Kopi Sumatra: Dari Kebun ke Cangkir. #kopisumatra #edukasikopi #Shorts"
35,Sortasi & Fermentasi,Sejarah Singkat,Rumah Giling & Roastery Mandailing,Kak Nur,25-35 detik,Sortasi & Fermentasi — Sejarah Singkat (Kak Nur @ Rumah Giling & Roastery Mandailing),Sejarah singkat kenapa sortasi memengaruhi harga jual kopi.,"Kualitas sortasi sangat memengaruhi harga jual kopi ke eksportir. | Setelah giling basah, biji kopi disortasi manual untuk membuang biji cacat atau berlubang.",Mau tau sejarah kopi lainnya? Follow ya!,Kualitas sortasi sangat memengaruhi harga jual kopi ke eksportir.,Sejarah singkat kenapa sortasi memengaruhi harga jual kopi. Eps 35/100 🌱☕,#kopisumatra #sortasifermentasi #edukasikopi #coffeetok,Sortasi & Fermentasi #Shorts,Kualitas sortasi sangat memengaruhi harga jual kopi ke eksportir. Eps 35/100 seri Kopi Sumatra: Dari Kebun ke Cangkir. #kopisumatra #edukasikopi #Shorts
36,Proses Giling Basah (ciri khas Sumatra),Di Balik Layar,Kebun Kopi Lintong,Kak Nur,25-35 detik,Proses Giling Basah (ciri khas Sumatra) — Di Balik Layar (Kak Nur @ Kebun Kopi Lintong),Ini sisi yang jarang orang lihat dari petani sumatra mengembangkan giling basah.,Giling basah berkembang sebagai solusi petani menghadapi cuaca tropis yang lembap. | Giling basah (wet-hulling) adalah proses pascapanen unik yang cuma umum di Sumatra.,Follow buat lihat lebih banyak sisi di balik layar kopi Sumatra!,Giling basah berkembang sebagai solusi petani menghadapi cuaca tropis yang lembap.,Ini sisi yang jarang orang lihat dari petani sumatra mengembangkan giling basah. Eps 36/100 🌱☕,#kopisumatra #gilingbasah #edukasikopi #coffeetok,Proses Giling Basah (ciri khas Sumatra) #Shorts,Giling basah berkembang sebagai solusi petani menghadapi cuaca tropis yang lembap. Eps 36/100 seri Kopi Sumatra: Dari Kebun ke Cangkir. #kopisumatra #edukasikopi #Shorts
37,Mitos vs Fakta,Perbandingan,Kebun Kopi Lintong,Kak Nur,25-35 detik,Mitos vs Fakta — Perbandingan (Kak Nur @ Kebun Kopi Lintong),Kebun Kopi Lintong: mari kita bandingkan dua sisi soal kopi organik berarti tanpa proses sama sekali.,Kopi Sumatra organik tidak otomatis berarti tanpa proses sama sekali - tetap melalui giling basah standar. | Tidak semua kopi Sumatra adalah kopi luwak - luwak hanya sebagian sangat kecil dari produksi.,Menurut kamu mana yang lebih menarik? Komen di bawah!,Kopi Sumatra organik tidak otomatis berarti tanpa proses sama sekali - tetap melalui giling basah standar.,Kebun Kopi Lintong: mari kita bandingkan dua sisi soal kopi organik berarti tanpa proses sama sekali. Eps 37/100 🌱☕,#kopisumatra #mitosfakta #edukasikopi #coffeetok,Mitos vs Fakta #Shorts,Kopi Sumatra organik tidak otomatis berarti tanpa proses sama sekali - tetap melalui giling basah standar. Eps 37/100 seri Kopi Sumatra: Dari Kebun ke Cangkir. #kopisumatra #edukasikopi #Shorts
38,Karakter Rasa & Cupping,POV Kunjungan Kebun,Kebun Kopi Gayo,Kak Nur,25-35 detik,Karakter Rasa & Cupping — POV Kunjungan Kebun (Kak Nur @ Kebun Kopi Gayo),POV: kamu baru sampai di Kebun Kopi Gayo bareng Kak Nur.,"After-taste kopi Sumatra biasanya bertahan lama di lidah. | Kopi Sumatra dikenal dengan rasa earthy, herbal, dan rempah yang khas.",Komentar 'lanjut' kalau mau Kak Nur tunjukin tahap berikutnya!,After-taste kopi Sumatra biasanya bertahan lama di lidah.,POV: kamu baru sampai di Kebun Kopi Gayo bareng Kak Nur. Eps 38/100 🌱☕,#kopisumatra #citarasa #edukasikopi #coffeetok,Karakter Rasa & Cupping #Shorts,After-taste kopi Sumatra biasanya bertahan lama di lidah. Eps 38/100 seri Kopi Sumatra: Dari Kebun ke Cangkir. #kopisumatra #edukasikopi #Shorts
39,Proses Roasting,ASMR Proses,Kebun Kopi Gayo,Pak Bahri,20-30 detik,Proses Roasting — ASMR Proses (Pak Bahri @ Kebun Kopi Gayo),Dengarkan dan lihat prosesnya baik-baik.,"Biji kopi kehilangan berat dan berubah warna drastis selama proses roasting. | Karena body-nya tebal, kopi Sumatra sering di-roast pada level medium hingga dark.",Tenang banget ya prosesnya? Follow buat konten ASMR kopi lainnya!,Biji kopi kehilangan berat dan berubah warna drastis selama proses roasting.,Dengarkan dan lihat prosesnya baik-baik. Eps 39/100 🌱☕,#kopisumatra #roasting #edukasikopi #coffeetok,Proses Roasting #Shorts,Biji kopi kehilangan berat dan berubah warna drastis selama proses roasting. Eps 39/100 seri Kopi Sumatra: Dari Kebun ke Cangkir. #kopisumatra #edukasikopi #Shorts
40,Metode Seduh,Mitos vs Fakta,Kebun Kopi Lintong,Pak Bahri,20-30 detik,Metode Seduh — Mitos vs Fakta (Pak Bahri @ Kebun Kopi Lintong),Katanya ukuran gilingan memengaruhi rasa kopi. Beneran gitu?,Ukuran gilingan (grind size) sangat memengaruhi rasa akhir dari metode seduh apapun. | French press dan moka pot sangat cocok untuk menonjolkan body tebal kopi Sumatra.,Follow biar kamu nggak salah kaprah soal kopi lagi!,Ukuran gilingan (grind size) sangat memengaruhi rasa akhir dari metode seduh apapun.,Katanya ukuran gilingan memengaruhi rasa kopi. Beneran gitu? Eps 40/100 🌱☕,#kopisumatra #brewing #edukasikopi #coffeetok,Metode Seduh #Shorts,Ukuran gilingan (grind size) sangat memengaruhi rasa akhir dari metode seduh apapun. Eps 40/100 seri Kopi Sumatra: Dari Kebun ke Cangkir. #kopisumatra #edukasikopi #Shorts
41,Budaya Ngopi & Petani,Perbandingan,Kebun Kopi Gayo,Adit,25-35 detik,Budaya Ngopi & Petani — Perbandingan (Adit @ Kebun Kopi Gayo),Kebun Kopi Gayo: mari kita bandingkan dua sisi soal harga kopi dunia memengaruhi petani kecil.,"Harga kopi dunia yang fluktuatif berdampak langsung pada pendapatan petani kecil. | Warung kopi adalah pusat sosial di Aceh, tempat diskusi hingga transaksi bisnis.",Menurut kamu mana yang lebih menarik? Komen di bawah!,Harga kopi dunia yang fluktuatif berdampak langsung pada pendapatan petani kecil.,Kebun Kopi Gayo: mari kita bandingkan dua sisi soal harga kopi dunia memengaruhi petani kecil. Eps 41/100 🌱☕,#kopisumatra #budaya #edukasikopi #coffeetok,Budaya Ngopi & Petani #Shorts,Harga kopi dunia yang fluktuatif berdampak langsung pada pendapatan petani kecil. Eps 41/100 seri Kopi Sumatra: Dari Kebun ke Cangkir. #kopisumatra #edukasikopi #Shorts
42,Proses Giling Basah (ciri khas Sumatra),Sejarah Singkat,Rumah Giling & Roastery Mandailing,Adit,25-35 detik,Proses Giling Basah (ciri khas Sumatra) — Sejarah Singkat (Adit @ Rumah Giling & Roastery Mandailing),Sejarah singkat kenapa petani sumatra mengembangkan giling basah.,Giling basah berkembang sebagai solusi petani menghadapi cuaca tropis yang lembap. | Giling basah (wet-hulling) adalah proses pascapanen unik yang cuma umum di Sumatra.,Mau tau sejarah kopi lainnya? Follow ya!,Giling basah berkembang sebagai solusi petani menghadapi cuaca tropis yang lembap.,Sejarah singkat kenapa petani sumatra mengembangkan giling basah. Eps 42/100 🌱☕,#kopisumatra #gilingbasah #edukasikopi #coffeetok,Proses Giling Basah (ciri khas Sumatra) #Shorts,Giling basah berkembang sebagai solusi petani menghadapi cuaca tropis yang lembap. Eps 42/100 seri Kopi Sumatra: Dari Kebun ke Cangkir. #kopisumatra #edukasikopi #Shorts
43,Mitos vs Fakta,Di Balik Layar,Kebun Kopi Lintong,Kak Nur,25-35 detik,Mitos vs Fakta — Di Balik Layar (Kak Nur @ Kebun Kopi Lintong),Ini sisi yang jarang orang lihat dari kopi organik berarti tanpa proses sama sekali.,Kopi Sumatra organik tidak otomatis berarti tanpa proses sama sekali - tetap melalui giling basah standar. | Tidak semua kopi Sumatra adalah kopi luwak - luwak hanya sebagian sangat kecil dari produksi.,Follow buat lihat lebih banyak sisi di balik layar kopi Sumatra!,Kopi Sumatra organik tidak otomatis berarti tanpa proses sama sekali - tetap melalui giling basah standar.,Ini sisi yang jarang orang lihat dari kopi organik berarti tanpa proses sama sekali. Eps 43/100 🌱☕,#kopisumatra #mitosfakta #edukasikopi #coffeetok,Mitos vs Fakta #Shorts,Kopi Sumatra organik tidak otomatis berarti tanpa proses sama sekali - tetap melalui giling basah standar. Eps 43/100 seri Kopi Sumatra: Dari Kebun ke Cangkir. #kopisumatra #edukasikopi #Shorts
44,Budaya Ngopi & Petani,ASMR Proses,Kebun Kopi Lintong,Adit,20-30 detik,Budaya Ngopi & Petani — ASMR Proses (Adit @ Kebun Kopi Lintong),Dengarkan dan lihat prosesnya baik-baik.,"Harga kopi dunia yang fluktuatif berdampak langsung pada pendapatan petani kecil. | Warung kopi adalah pusat sosial di Aceh, tempat diskusi hingga transaksi bisnis.",Tenang banget ya prosesnya? Follow buat konten ASMR kopi lainnya!,Harga kopi dunia yang fluktuatif berdampak langsung pada pendapatan petani kecil.,Dengarkan dan lihat prosesnya baik-baik. Eps 44/100 🌱☕,#kopisumatra #budaya #edukasikopi #coffeetok,Budaya Ngopi & Petani #Shorts,Harga kopi dunia yang fluktuatif berdampak langsung pada pendapatan petani kecil. Eps 44/100 seri Kopi Sumatra: Dari Kebun ke Cangkir. #kopisumatra #edukasikopi #Shorts
45,Asal-usul & Geografi,Mitos vs Fakta,Rumah Giling & Roastery Mandailing,Kak Nur,20-30 detik,Asal-usul & Geografi — Mitos vs Fakta (Kak Nur @ Rumah Giling & Roastery Mandailing),Katanya sumatra lebih banyak arabika daripada robusta. Beneran gitu?,"Sumatra didominasi kopi Arabika di dataran tinggi, bukan Robusta. | Tiga sentra utama kopi Sumatra: Gayo (Aceh), Lintong, dan Mandailing (Sumatera Utara).",Follow biar kamu nggak salah kaprah soal kopi lagi!,"Sumatra didominasi kopi Arabika di dataran tinggi, bukan Robusta.",Katanya sumatra lebih banyak arabika daripada robusta. Beneran gitu? Eps 45/100 🌱☕,#kopisumatra #asalusul #edukasikopi #coffeetok,Asal-usul & Geografi #Shorts,"Sumatra didominasi kopi Arabika di dataran tinggi, bukan Robusta. Eps 45/100 seri Kopi Sumatra: Dari Kebun ke Cangkir. #kopisumatra #edukasikopi #Shorts"
46,Panen (Petik Merah),POV Kunjungan Kebun,Rumah Giling & Roastery Mandailing,Pak Bahri,25-35 detik,Panen (Petik Merah) — POV Kunjungan Kebun (Pak Bahri @ Rumah Giling & Roastery Mandailing),POV: kamu baru sampai di Rumah Giling & Roastery Mandailing bareng Pak Bahri.,"Panen adalah tahap paling padat karya dalam seluruh rantai produksi kopi. | Kopi kualitas terbaik dipanen manual, hanya ceri yang sudah merah matang (petik merah).",Komentar 'lanjut' kalau mau Pak Bahri tunjukin tahap berikutnya!,Panen adalah tahap paling padat karya dalam seluruh rantai produksi kopi.,POV: kamu baru sampai di Rumah Giling & Roastery Mandailing bareng Pak Bahri. Eps 46/100 🌱☕,#kopisumatra #panen #edukasikopi #coffeetok,Panen (Petik Merah) #Shorts,Panen adalah tahap paling padat karya dalam seluruh rantai produksi kopi. Eps 46/100 seri Kopi Sumatra: Dari Kebun ke Cangkir. #kopisumatra #edukasikopi #Shorts
47,Karakter Rasa & Cupping,POV Kunjungan Kebun,Rumah Giling & Roastery Mandailing,Pak Bahri,25-35 detik,Karakter Rasa & Cupping — POV Kunjungan Kebun (Pak Bahri @ Rumah Giling & Roastery Mandailing),POV: kamu baru sampai di Rumah Giling & Roastery Mandailing bareng Pak Bahri.,"After-taste kopi Sumatra biasanya bertahan lama di lidah. | Kopi Sumatra dikenal dengan rasa earthy, herbal, dan rempah yang khas.",Komentar 'lanjut' kalau mau Pak Bahri tunjukin tahap berikutnya!,After-taste kopi Sumatra biasanya bertahan lama di lidah.,POV: kamu baru sampai di Rumah Giling & Roastery Mandailing bareng Pak Bahri. Eps 47/100 🌱☕,#kopisumatra #citarasa #edukasikopi #coffeetok,Karakter Rasa & Cupping #Shorts,After-taste kopi Sumatra biasanya bertahan lama di lidah. Eps 47/100 seri Kopi Sumatra: Dari Kebun ke Cangkir. #kopisumatra #edukasikopi #Shorts
48,Proses Roasting,Di Balik Layar,Rumah Giling & Roastery Mandailing,Pak Bahri,25-35 detik,Proses Roasting — Di Balik Layar (Pak Bahri @ Rumah Giling & Roastery Mandailing),Ini sisi yang jarang orang lihat dari biji kopi berubah drastis saat di-roast.,"Biji kopi kehilangan berat dan berubah warna drastis selama proses roasting. | Karena body-nya tebal, kopi Sumatra sering di-roast pada level medium hingga dark.",Follow buat lihat lebih banyak sisi di balik layar kopi Sumatra!,Biji kopi kehilangan berat dan berubah warna drastis selama proses roasting.,Ini sisi yang jarang orang lihat dari biji kopi berubah drastis saat di-roast. Eps 48/100 🌱☕,#kopisumatra #roasting #edukasikopi #coffeetok,Proses Roasting #Shorts,Biji kopi kehilangan berat dan berubah warna drastis selama proses roasting. Eps 48/100 seri Kopi Sumatra: Dari Kebun ke Cangkir. #kopisumatra #edukasikopi #Shorts
49,Penanaman & Perawatan,Sejarah Singkat,Rumah Giling & Roastery Mandailing,Adit,25-35 detik,Penanaman & Perawatan — Sejarah Singkat (Adit @ Rumah Giling & Roastery Mandailing),Sejarah singkat kenapa naungan pohon menjaga kelembapan tanah.,Naungan pohon juga membantu menjaga kelembapan tanah di musim kering. | Butuh 3-4 tahun sejak tanam sebelum pohon kopi berbuah untuk pertama kali.,Mau tau sejarah kopi lainnya? Follow ya!,Naungan pohon juga membantu menjaga kelembapan tanah di musim kering.,Sejarah singkat kenapa naungan pohon menjaga kelembapan tanah. Eps 49/100 🌱☕,#kopisumatra #penanaman #edukasikopi #coffeetok,Penanaman & Perawatan #Shorts,Naungan pohon juga membantu menjaga kelembapan tanah di musim kering. Eps 49/100 seri Kopi Sumatra: Dari Kebun ke Cangkir. #kopisumatra #edukasikopi #Shorts
50,Asal-usul & Geografi,Fakta Cepat,Kebun Kopi Gayo,Kak Nur,15-20 detik,Asal-usul & Geografi — Fakta Cepat (Kak Nur @ Kebun Kopi Gayo),Tau nggak kenapa sumatra lebih banyak arabika daripada robusta?,"Sumatra didominasi kopi Arabika di dataran tinggi, bukan Robusta.",Follow biar kamu makin banyak tau fakta kopi Sumatra!,"Sumatra didominasi kopi Arabika di dataran tinggi, bukan Robusta.",Tau nggak kenapa sumatra lebih banyak arabika daripada robusta? Eps 50/100 🌱☕,#kopisumatra #asalusul #edukasikopi #coffeetok,Asal-usul & Geografi #Shorts,"Sumatra didominasi kopi Arabika di dataran tinggi, bukan Robusta. Eps 50/100 seri Kopi Sumatra: Dari Kebun ke Cangkir. #kopisumatra #edukasikopi #Shorts"
51,Proses Roasting,POV Kunjungan Kebun,Kebun Kopi Lintong,Kak Nur,25-35 detik,Proses Roasting — POV Kunjungan Kebun (Kak Nur @ Kebun Kopi Lintong),POV: kamu baru sampai di Kebun Kopi Lintong bareng Kak Nur.,"Biji kopi kehilangan berat dan berubah warna drastis selama proses roasting. | Karena body-nya tebal, kopi Sumatra sering di-roast pada level medium hingga dark.",Komentar 'lanjut' kalau mau Kak Nur tunjukin tahap berikutnya!,Biji kopi kehilangan berat dan berubah warna drastis selama proses roasting.,POV: kamu baru sampai di Kebun Kopi Lintong bareng Kak Nur. Eps 51/100 🌱☕,#kopisumatra #roasting #edukasikopi #coffeetok,Proses Roasting #Shorts,Biji kopi kehilangan berat dan berubah warna drastis selama proses roasting. Eps 51/100 seri Kopi Sumatra: Dari Kebun ke Cangkir. #kopisumatra #edukasikopi #Shorts
52,Karakter Rasa & Cupping,Mitos vs Fakta,Rumah Giling & Roastery Mandailing,Adit,20-30 detik,Karakter Rasa & Cupping — Mitos vs Fakta (Adit @ Rumah Giling & Roastery Mandailing),Katanya after-taste kopi sumatra tahan lama. Beneran gitu?,"After-taste kopi Sumatra biasanya bertahan lama di lidah. | Kopi Sumatra dikenal dengan rasa earthy, herbal, dan rempah yang khas.",Follow biar kamu nggak salah kaprah soal kopi lagi!,After-taste kopi Sumatra biasanya bertahan lama di lidah.,Katanya after-taste kopi sumatra tahan lama. Beneran gitu? Eps 52/100 🌱☕,#kopisumatra #citarasa #edukasikopi #coffeetok,Karakter Rasa & Cupping #Shorts,After-taste kopi Sumatra biasanya bertahan lama di lidah. Eps 52/100 seri Kopi Sumatra: Dari Kebun ke Cangkir. #kopisumatra #edukasikopi #Shorts
53,Metode Seduh,ASMR Proses,Kebun Kopi Lintong,Pak Bahri,20-30 detik,Metode Seduh — ASMR Proses (Pak Bahri @ Kebun Kopi Lintong),Dengarkan dan lihat prosesnya baik-baik.,Ukuran gilingan (grind size) sangat memengaruhi rasa akhir dari metode seduh apapun. | French press dan moka pot sangat cocok untuk menonjolkan body tebal kopi Sumatra.,Tenang banget ya prosesnya? Follow buat konten ASMR kopi lainnya!,Ukuran gilingan (grind size) sangat memengaruhi rasa akhir dari metode seduh apapun.,Dengarkan dan lihat prosesnya baik-baik. Eps 53/100 🌱☕,#kopisumatra #brewing #edukasikopi #coffeetok,Metode Seduh #Shorts,Ukuran gilingan (grind size) sangat memengaruhi rasa akhir dari metode seduh apapun. Eps 53/100 seri Kopi Sumatra: Dari Kebun ke Cangkir. #kopisumatra #edukasikopi #Shorts
54,Metode Seduh,Di Balik Layar,Kebun Kopi Lintong,Adit,25-35 detik,Metode Seduh — Di Balik Layar (Adit @ Kebun Kopi Lintong),Ini sisi yang jarang orang lihat dari ukuran gilingan memengaruhi rasa kopi.,Ukuran gilingan (grind size) sangat memengaruhi rasa akhir dari metode seduh apapun. | French press dan moka pot sangat cocok untuk menonjolkan body tebal kopi Sumatra.,Follow buat lihat lebih banyak sisi di balik layar kopi Sumatra!,Ukuran gilingan (grind size) sangat memengaruhi rasa akhir dari metode seduh apapun.,Ini sisi yang jarang orang lihat dari ukuran gilingan memengaruhi rasa kopi. Eps 54/100 🌱☕,#kopisumatra #brewing #edukasikopi #coffeetok,Metode Seduh #Shorts,Ukuran gilingan (grind size) sangat memengaruhi rasa akhir dari metode seduh apapun. Eps 54/100 seri Kopi Sumatra: Dari Kebun ke Cangkir. #kopisumatra #edukasikopi #Shorts
55,Panen (Petik Merah),Di Balik Layar,Rumah Giling & Roastery Mandailing,Kak Nur,25-35 detik,Panen (Petik Merah) — Di Balik Layar (Kak Nur @ Rumah Giling & Roastery Mandailing),Ini sisi yang jarang orang lihat dari panen jadi tahap paling padat karya.,"Panen adalah tahap paling padat karya dalam seluruh rantai produksi kopi. | Kopi kualitas terbaik dipanen manual, hanya ceri yang sudah merah matang (petik merah).",Follow buat lihat lebih banyak sisi di balik layar kopi Sumatra!,Panen adalah tahap paling padat karya dalam seluruh rantai produksi kopi.,Ini sisi yang jarang orang lihat dari panen jadi tahap paling padat karya. Eps 55/100 🌱☕,#kopisumatra #panen #edukasikopi #coffeetok,Panen (Petik Merah) #Shorts,Panen adalah tahap paling padat karya dalam seluruh rantai produksi kopi. Eps 55/100 seri Kopi Sumatra: Dari Kebun ke Cangkir. #kopisumatra #edukasikopi #Shorts
56,Mitos vs Fakta,Tanya Jawab Interaktif,Kebun Kopi Gayo,Adit,20-30 detik,Mitos vs Fakta — Tanya Jawab Interaktif (Adit @ Kebun Kopi Gayo),Adit mau tanya: menurut kamu kenapa kopi organik berarti tanpa proses sama sekali?,Kopi Sumatra organik tidak otomatis berarti tanpa proses sama sekali - tetap melalui giling basah standar.,"Tulis jawabanmu di komentar, nanti dijawab Adit di video berikutnya!",Kopi Sumatra organik tidak otomatis berarti tanpa proses sama sekali - tetap melalui giling basah standar.,Adit mau tanya: menurut kamu kenapa kopi organik berarti tanpa proses sama sekali? Eps 56/100 🌱☕,#kopisumatra #mitosfakta #edukasikopi #coffeetok,Mitos vs Fakta #Shorts,Kopi Sumatra organik tidak otomatis berarti tanpa proses sama sekali - tetap melalui giling basah standar. Eps 56/100 seri Kopi Sumatra: Dari Kebun ke Cangkir. #kopisumatra #edukasikopi #Shorts
57,Metode Seduh,ASMR Proses,Rumah Giling & Roastery Mandailing,Adit,20-30 detik,Metode Seduh — ASMR Proses (Adit @ Rumah Giling & Roastery Mandailing),Dengarkan dan lihat prosesnya baik-baik.,Ukuran gilingan (grind size) sangat memengaruhi rasa akhir dari metode seduh apapun. | French press dan moka pot sangat cocok untuk menonjolkan body tebal kopi Sumatra.,Tenang banget ya prosesnya? Follow buat konten ASMR kopi lainnya!,Ukuran gilingan (grind size) sangat memengaruhi rasa akhir dari metode seduh apapun.,Dengarkan dan lihat prosesnya baik-baik. Eps 57/100 🌱☕,#kopisumatra #brewing #edukasikopi #coffeetok,Metode Seduh #Shorts,Ukuran gilingan (grind size) sangat memengaruhi rasa akhir dari metode seduh apapun. Eps 57/100 seri Kopi Sumatra: Dari Kebun ke Cangkir. #kopisumatra #edukasikopi #Shorts
58,Proses Giling Basah (ciri khas Sumatra),Di Balik Layar,Rumah Giling & Roastery Mandailing,Kak Nur,25-35 detik,Proses Giling Basah (ciri khas Sumatra) — Di Balik Layar (Kak Nur @ Rumah Giling & Roastery Mandailing),Ini sisi yang jarang orang lihat dari petani sumatra mengembangkan giling basah.,Giling basah berkembang sebagai solusi petani menghadapi cuaca tropis yang lembap. | Giling basah (wet-hulling) adalah proses pascapanen unik yang cuma umum di Sumatra.,Follow buat lihat lebih banyak sisi di balik layar kopi Sumatra!,Giling basah berkembang sebagai solusi petani menghadapi cuaca tropis yang lembap.,Ini sisi yang jarang orang lihat dari petani sumatra mengembangkan giling basah. Eps 58/100 🌱☕,#kopisumatra #gilingbasah #edukasikopi #coffeetok,Proses Giling Basah (ciri khas Sumatra) #Shorts,Giling basah berkembang sebagai solusi petani menghadapi cuaca tropis yang lembap. Eps 58/100 seri Kopi Sumatra: Dari Kebun ke Cangkir. #kopisumatra #edukasikopi #Shorts
59,Penanaman & Perawatan,Tutorial Mini,Rumah Giling & Roastery Mandailing,Adit,20-30 detik,Penanaman & Perawatan — Tutorial Mini (Adit @ Rumah Giling & Roastery Mandailing),"Begini cara naungan pohon menjaga kelembapan tanah, gampang kok!",Naungan pohon juga membantu menjaga kelembapan tanah di musim kering. | Butuh 3-4 tahun sejak tanam sebelum pohon kopi berbuah untuk pertama kali.,Save video ini biar nggak lupa langkahnya!,Naungan pohon juga membantu menjaga kelembapan tanah di musim kering.,"Begini cara naungan pohon menjaga kelembapan tanah, gampang kok! Eps 59/100 🌱☕",#kopisumatra #penanaman #edukasikopi #coffeetok,Penanaman & Perawatan #Shorts,Naungan pohon juga membantu menjaga kelembapan tanah di musim kering. Eps 59/100 seri Kopi Sumatra: Dari Kebun ke Cangkir. #kopisumatra #edukasikopi #Shorts
60,Proses Giling Basah (ciri khas Sumatra),POV Kunjungan Kebun,Kebun Kopi Gayo,Pak Bahri,25-35 detik,Proses Giling Basah (ciri khas Sumatra) — POV Kunjungan Kebun (Pak Bahri @ Kebun Kopi Gayo),POV: kamu baru sampai di Kebun Kopi Gayo bareng Pak Bahri.,Giling basah berkembang sebagai solusi petani menghadapi cuaca tropis yang lembap. | Giling basah (wet-hulling) adalah proses pascapanen unik yang cuma umum di Sumatra.,Komentar 'lanjut' kalau mau Pak Bahri tunjukin tahap berikutnya!,Giling basah berkembang sebagai solusi petani menghadapi cuaca tropis yang lembap.,POV: kamu baru sampai di Kebun Kopi Gayo bareng Pak Bahri. Eps 60/100 🌱☕,#kopisumatra #gilingbasah #edukasikopi #coffeetok,Proses Giling Basah (ciri khas Sumatra) #Shorts,Giling basah berkembang sebagai solusi petani menghadapi cuaca tropis yang lembap. Eps 60/100 seri Kopi Sumatra: Dari Kebun ke Cangkir. #kopisumatra #edukasikopi #Shorts
61,Budaya Ngopi & Petani,Fakta Cepat,Kebun Kopi Lintong,Pak Bahri,15-20 detik,Budaya Ngopi & Petani — Fakta Cepat (Pak Bahri @ Kebun Kopi Lintong),Tau nggak kenapa harga kopi dunia memengaruhi petani kecil?,Harga kopi dunia yang fluktuatif berdampak langsung pada pendapatan petani kecil.,Follow biar kamu makin banyak tau fakta kopi Sumatra!,Harga kopi dunia yang fluktuatif berdampak langsung pada pendapatan petani kecil.,Tau nggak kenapa harga kopi dunia memengaruhi petani kecil? Eps 61/100 🌱☕,#kopisumatra #budaya #edukasikopi #coffeetok,Budaya Ngopi & Petani #Shorts,Harga kopi dunia yang fluktuatif berdampak langsung pada pendapatan petani kecil. Eps 61/100 seri Kopi Sumatra: Dari Kebun ke Cangkir. #kopisumatra #edukasikopi #Shorts
62,Proses Giling Basah (ciri khas Sumatra),ASMR Proses,Kebun Kopi Gayo,Pak Bahri,20-30 detik,Proses Giling Basah (ciri khas Sumatra) — ASMR Proses (Pak Bahri @ Kebun Kopi Gayo),Dengarkan dan lihat prosesnya baik-baik.,Giling basah berkembang sebagai solusi petani menghadapi cuaca tropis yang lembap. | Giling basah (wet-hulling) adalah proses pascapanen unik yang cuma umum di Sumatra.,Tenang banget ya prosesnya? Follow buat konten ASMR kopi lainnya!,Giling basah berkembang sebagai solusi petani menghadapi cuaca tropis yang lembap.,Dengarkan dan lihat prosesnya baik-baik. Eps 62/100 🌱☕,#kopisumatra #gilingbasah #edukasikopi #coffeetok,Proses Giling Basah (ciri khas Sumatra) #Shorts,Giling basah berkembang sebagai solusi petani menghadapi cuaca tropis yang lembap. Eps 62/100 seri Kopi Sumatra: Dari Kebun ke Cangkir. #kopisumatra #edukasikopi #Shorts
63,Karakter Rasa & Cupping,ASMR Proses,Kebun Kopi Gayo,Adit,20-30 detik,Karakter Rasa & Cupping — ASMR Proses (Adit @ Kebun Kopi Gayo),Dengarkan dan lihat prosesnya baik-baik.,"After-taste kopi Sumatra biasanya bertahan lama di lidah. | Kopi Sumatra dikenal dengan rasa earthy, herbal, dan rempah yang khas.",Tenang banget ya prosesnya? Follow buat konten ASMR kopi lainnya!,After-taste kopi Sumatra biasanya bertahan lama di lidah.,Dengarkan dan lihat prosesnya baik-baik. Eps 63/100 🌱☕,#kopisumatra #citarasa #edukasikopi #coffeetok,Karakter Rasa & Cupping #Shorts,After-taste kopi Sumatra biasanya bertahan lama di lidah. Eps 63/100 seri Kopi Sumatra: Dari Kebun ke Cangkir. #kopisumatra #edukasikopi #Shorts
64,Metode Seduh,Di Balik Layar,Kebun Kopi Gayo,Pak Bahri,25-35 detik,Metode Seduh — Di Balik Layar (Pak Bahri @ Kebun Kopi Gayo),Ini sisi yang jarang orang lihat dari ukuran gilingan memengaruhi rasa kopi.,Ukuran gilingan (grind size) sangat memengaruhi rasa akhir dari metode seduh apapun. | French press dan moka pot sangat cocok untuk menonjolkan body tebal kopi Sumatra.,Follow buat lihat lebih banyak sisi di balik layar kopi Sumatra!,Ukuran gilingan (grind size) sangat memengaruhi rasa akhir dari metode seduh apapun.,Ini sisi yang jarang orang lihat dari ukuran gilingan memengaruhi rasa kopi. Eps 64/100 🌱☕,#kopisumatra #brewing #edukasikopi #coffeetok,Metode Seduh #Shorts,Ukuran gilingan (grind size) sangat memengaruhi rasa akhir dari metode seduh apapun. Eps 64/100 seri Kopi Sumatra: Dari Kebun ke Cangkir. #kopisumatra #edukasikopi #Shorts
65,Proses Roasting,Mitos vs Fakta,Kebun Kopi Gayo,Adit,20-30 detik,Proses Roasting — Mitos vs Fakta (Adit @ Kebun Kopi Gayo),Katanya biji kopi berubah drastis saat di-roast. Beneran gitu?,"Biji kopi kehilangan berat dan berubah warna drastis selama proses roasting. | Karena body-nya tebal, kopi Sumatra sering di-roast pada level medium hingga dark.",Follow biar kamu nggak salah kaprah soal kopi lagi!,Biji kopi kehilangan berat dan berubah warna drastis selama proses roasting.,Katanya biji kopi berubah drastis saat di-roast. Beneran gitu? Eps 65/100 🌱☕,#kopisumatra #roasting #edukasikopi #coffeetok,Proses Roasting #Shorts,Biji kopi kehilangan berat dan berubah warna drastis selama proses roasting. Eps 65/100 seri Kopi Sumatra: Dari Kebun ke Cangkir. #kopisumatra #edukasikopi #Shorts
66,Karakter Rasa & Cupping,Perbandingan,Kebun Kopi Gayo,Adit,25-35 detik,Karakter Rasa & Cupping — Perbandingan (Adit @ Kebun Kopi Gayo),Kebun Kopi Gayo: mari kita bandingkan dua sisi soal after-taste kopi sumatra tahan lama.,"After-taste kopi Sumatra biasanya bertahan lama di lidah. | Kopi Sumatra dikenal dengan rasa earthy, herbal, dan rempah yang khas.",Menurut kamu mana yang lebih menarik? Komen di bawah!,After-taste kopi Sumatra biasanya bertahan lama di lidah.,Kebun Kopi Gayo: mari kita bandingkan dua sisi soal after-taste kopi sumatra tahan lama. Eps 66/100 🌱☕,#kopisumatra #citarasa #edukasikopi #coffeetok,Karakter Rasa & Cupping #Shorts,After-taste kopi Sumatra biasanya bertahan lama di lidah. Eps 66/100 seri Kopi Sumatra: Dari Kebun ke Cangkir. #kopisumatra #edukasikopi #Shorts
67,Proses Roasting,Tutorial Mini,Kebun Kopi Lintong,Adit,20-30 detik,Proses Roasting — Tutorial Mini (Adit @ Kebun Kopi Lintong),"Begini cara biji kopi berubah drastis saat di-roast, gampang kok!","Biji kopi kehilangan berat dan berubah warna drastis selama proses roasting. | Karena body-nya tebal, kopi Sumatra sering di-roast pada level medium hingga dark.",Save video ini biar nggak lupa langkahnya!,Biji kopi kehilangan berat dan berubah warna drastis selama proses roasting.,"Begini cara biji kopi berubah drastis saat di-roast, gampang kok! Eps 67/100 🌱☕",#kopisumatra #roasting #edukasikopi #coffeetok,Proses Roasting #Shorts,Biji kopi kehilangan berat dan berubah warna drastis selama proses roasting. Eps 67/100 seri Kopi Sumatra: Dari Kebun ke Cangkir. #kopisumatra #edukasikopi #Shorts
68,Panen (Petik Merah),Perbandingan,Kebun Kopi Lintong,Kak Nur,25-35 detik,Panen (Petik Merah) — Perbandingan (Kak Nur @ Kebun Kopi Lintong),Kebun Kopi Lintong: mari kita bandingkan dua sisi soal panen jadi tahap paling padat karya.,"Panen adalah tahap paling padat karya dalam seluruh rantai produksi kopi. | Kopi kualitas terbaik dipanen manual, hanya ceri yang sudah merah matang (petik merah).",Menurut kamu mana yang lebih menarik? Komen di bawah!,Panen adalah tahap paling padat karya dalam seluruh rantai produksi kopi.,Kebun Kopi Lintong: mari kita bandingkan dua sisi soal panen jadi tahap paling padat karya. Eps 68/100 🌱☕,#kopisumatra #panen #edukasikopi #coffeetok,Panen (Petik Merah) #Shorts,Panen adalah tahap paling padat karya dalam seluruh rantai produksi kopi. Eps 68/100 seri Kopi Sumatra: Dari Kebun ke Cangkir. #kopisumatra #edukasikopi #Shorts
69,Proses Roasting,Tutorial Mini,Kebun Kopi Lintong,Kak Nur,20-30 detik,Proses Roasting — Tutorial Mini (Kak Nur @ Kebun Kopi Lintong),"Begini cara biji kopi berubah drastis saat di-roast, gampang kok!","Biji kopi kehilangan berat dan berubah warna drastis selama proses roasting. | Karena body-nya tebal, kopi Sumatra sering di-roast pada level medium hingga dark.",Save video ini biar nggak lupa langkahnya!,Biji kopi kehilangan berat dan berubah warna drastis selama proses roasting.,"Begini cara biji kopi berubah drastis saat di-roast, gampang kok! Eps 69/100 🌱☕",#kopisumatra #roasting #edukasikopi #coffeetok,Proses Roasting #Shorts,Biji kopi kehilangan berat dan berubah warna drastis selama proses roasting. Eps 69/100 seri Kopi Sumatra: Dari Kebun ke Cangkir. #kopisumatra #edukasikopi #Shorts
70,Karakter Rasa & Cupping,Day in the Life,Rumah Giling & Roastery Mandailing,Pak Bahri,25-40 detik,Karakter Rasa & Cupping — Day in the Life (Pak Bahri @ Rumah Giling & Roastery Mandailing),Sehari mengikuti Pak Bahri di Rumah Giling & Roastery Mandailing.,"After-taste kopi Sumatra biasanya bertahan lama di lidah. | Kopi Sumatra dikenal dengan rasa earthy, herbal, dan rempah yang khas.",Follow buat ikutin keseharian Pak Bahri bikin kopi Sumatra tiap hari!,After-taste kopi Sumatra biasanya bertahan lama di lidah.,Sehari mengikuti Pak Bahri di Rumah Giling & Roastery Mandailing. Eps 70/100 🌱☕,#kopisumatra #citarasa #edukasikopi #coffeetok,Karakter Rasa & Cupping #Shorts,After-taste kopi Sumatra biasanya bertahan lama di lidah. Eps 70/100 seri Kopi Sumatra: Dari Kebun ke Cangkir. #kopisumatra #edukasikopi #Shorts
71,Sortasi & Fermentasi,Fakta Cepat,Rumah Giling & Roastery Mandailing,Kak Nur,15-20 detik,Sortasi & Fermentasi — Fakta Cepat (Kak Nur @ Rumah Giling & Roastery Mandailing),Tau nggak kenapa sortasi memengaruhi harga jual kopi?,Kualitas sortasi sangat memengaruhi harga jual kopi ke eksportir.,Follow biar kamu makin banyak tau fakta kopi Sumatra!,Kualitas sortasi sangat memengaruhi harga jual kopi ke eksportir.,Tau nggak kenapa sortasi memengaruhi harga jual kopi? Eps 71/100 🌱☕,#kopisumatra #sortasifermentasi #edukasikopi #coffeetok,Sortasi & Fermentasi #Shorts,Kualitas sortasi sangat memengaruhi harga jual kopi ke eksportir. Eps 71/100 seri Kopi Sumatra: Dari Kebun ke Cangkir. #kopisumatra #edukasikopi #Shorts
72,Karakter Rasa & Cupping,Tanya Jawab Interaktif,Rumah Giling & Roastery Mandailing,Pak Bahri,20-30 detik,Karakter Rasa & Cupping — Tanya Jawab Interaktif (Pak Bahri @ Rumah Giling & Roastery Mandailing),Pak Bahri mau tanya: menurut kamu kenapa after-taste kopi sumatra tahan lama?,After-taste kopi Sumatra biasanya bertahan lama di lidah.,"Tulis jawabanmu di komentar, nanti dijawab Pak Bahri di video berikutnya!",After-taste kopi Sumatra biasanya bertahan lama di lidah.,Pak Bahri mau tanya: menurut kamu kenapa after-taste kopi sumatra tahan lama? Eps 72/100 🌱☕,#kopisumatra #citarasa #edukasikopi #coffeetok,Karakter Rasa & Cupping #Shorts,After-taste kopi Sumatra biasanya bertahan lama di lidah. Eps 72/100 seri Kopi Sumatra: Dari Kebun ke Cangkir. #kopisumatra #edukasikopi #Shorts
73,Mitos vs Fakta,ASMR Proses,Kebun Kopi Gayo,Adit,20-30 detik,Mitos vs Fakta — ASMR Proses (Adit @ Kebun Kopi Gayo),Dengarkan dan lihat prosesnya baik-baik.,Kopi Sumatra organik tidak otomatis berarti tanpa proses sama sekali - tetap melalui giling basah standar. | Tidak semua kopi Sumatra adalah kopi luwak - luwak hanya sebagian sangat kecil dari produksi.,Tenang banget ya prosesnya? Follow buat konten ASMR kopi lainnya!,Kopi Sumatra organik tidak otomatis berarti tanpa proses sama sekali - tetap melalui giling basah standar.,Dengarkan dan lihat prosesnya baik-baik. Eps 73/100 🌱☕,#kopisumatra #mitosfakta #edukasikopi #coffeetok,Mitos vs Fakta #Shorts,Kopi Sumatra organik tidak otomatis berarti tanpa proses sama sekali - tetap melalui giling basah standar. Eps 73/100 seri Kopi Sumatra: Dari Kebun ke Cangkir. #kopisumatra #edukasikopi #Shorts
74,Mitos vs Fakta,Di Balik Layar,Kebun Kopi Lintong,Adit,25-35 detik,Mitos vs Fakta — Di Balik Layar (Adit @ Kebun Kopi Lintong),Ini sisi yang jarang orang lihat dari kopi organik berarti tanpa proses sama sekali.,Kopi Sumatra organik tidak otomatis berarti tanpa proses sama sekali - tetap melalui giling basah standar. | Tidak semua kopi Sumatra adalah kopi luwak - luwak hanya sebagian sangat kecil dari produksi.,Follow buat lihat lebih banyak sisi di balik layar kopi Sumatra!,Kopi Sumatra organik tidak otomatis berarti tanpa proses sama sekali - tetap melalui giling basah standar.,Ini sisi yang jarang orang lihat dari kopi organik berarti tanpa proses sama sekali. Eps 74/100 🌱☕,#kopisumatra #mitosfakta #edukasikopi #coffeetok,Mitos vs Fakta #Shorts,Kopi Sumatra organik tidak otomatis berarti tanpa proses sama sekali - tetap melalui giling basah standar. Eps 74/100 seri Kopi Sumatra: Dari Kebun ke Cangkir. #kopisumatra #edukasikopi #Shorts
75,Budaya Ngopi & Petani,Tutorial Mini,Kebun Kopi Gayo,Pak Bahri,20-30 detik,Budaya Ngopi & Petani — Tutorial Mini (Pak Bahri @ Kebun Kopi Gayo),"Begini cara harga kopi dunia memengaruhi petani kecil, gampang kok!","Harga kopi dunia yang fluktuatif berdampak langsung pada pendapatan petani kecil. | Warung kopi adalah pusat sosial di Aceh, tempat diskusi hingga transaksi bisnis.",Save video ini biar nggak lupa langkahnya!,Harga kopi dunia yang fluktuatif berdampak langsung pada pendapatan petani kecil.,"Begini cara harga kopi dunia memengaruhi petani kecil, gampang kok! Eps 75/100 🌱☕",#kopisumatra #budaya #edukasikopi #coffeetok,Budaya Ngopi & Petani #Shorts,Harga kopi dunia yang fluktuatif berdampak langsung pada pendapatan petani kecil. Eps 75/100 seri Kopi Sumatra: Dari Kebun ke Cangkir. #kopisumatra #edukasikopi #Shorts
76,Mitos vs Fakta,Tanya Jawab Interaktif,Kebun Kopi Lintong,Adit,20-30 detik,Mitos vs Fakta — Tanya Jawab Interaktif (Adit @ Kebun Kopi Lintong),Adit mau tanya: menurut kamu kenapa kopi organik berarti tanpa proses sama sekali?,Kopi Sumatra organik tidak otomatis berarti tanpa proses sama sekali - tetap melalui giling basah standar.,"Tulis jawabanmu di komentar, nanti dijawab Adit di video berikutnya!",Kopi Sumatra organik tidak otomatis berarti tanpa proses sama sekali - tetap melalui giling basah standar.,Adit mau tanya: menurut kamu kenapa kopi organik berarti tanpa proses sama sekali? Eps 76/100 🌱☕,#kopisumatra #mitosfakta #edukasikopi #coffeetok,Mitos vs Fakta #Shorts,Kopi Sumatra organik tidak otomatis berarti tanpa proses sama sekali - tetap melalui giling basah standar. Eps 76/100 seri Kopi Sumatra: Dari Kebun ke Cangkir. #kopisumatra #edukasikopi #Shorts
77,Penanaman & Perawatan,Day in the Life,Kebun Kopi Gayo,Pak Bahri,25-40 detik,Penanaman & Perawatan — Day in the Life (Pak Bahri @ Kebun Kopi Gayo),Sehari mengikuti Pak Bahri di Kebun Kopi Gayo.,Naungan pohon juga membantu menjaga kelembapan tanah di musim kering. | Butuh 3-4 tahun sejak tanam sebelum pohon kopi berbuah untuk pertama kali.,Follow buat ikutin keseharian Pak Bahri bikin kopi Sumatra tiap hari!,Naungan pohon juga membantu menjaga kelembapan tanah di musim kering.,Sehari mengikuti Pak Bahri di Kebun Kopi Gayo. Eps 77/100 🌱☕,#kopisumatra #penanaman #edukasikopi #coffeetok,Penanaman & Perawatan #Shorts,Naungan pohon juga membantu menjaga kelembapan tanah di musim kering. Eps 77/100 seri Kopi Sumatra: Dari Kebun ke Cangkir. #kopisumatra #edukasikopi #Shorts
78,Karakter Rasa & Cupping,POV Kunjungan Kebun,Rumah Giling & Roastery Mandailing,Kak Nur,25-35 detik,Karakter Rasa & Cupping — POV Kunjungan Kebun (Kak Nur @ Rumah Giling & Roastery Mandailing),POV: kamu baru sampai di Rumah Giling & Roastery Mandailing bareng Kak Nur.,"After-taste kopi Sumatra biasanya bertahan lama di lidah. | Kopi Sumatra dikenal dengan rasa earthy, herbal, dan rempah yang khas.",Komentar 'lanjut' kalau mau Kak Nur tunjukin tahap berikutnya!,After-taste kopi Sumatra biasanya bertahan lama di lidah.,POV: kamu baru sampai di Rumah Giling & Roastery Mandailing bareng Kak Nur. Eps 78/100 🌱☕,#kopisumatra #citarasa #edukasikopi #coffeetok,Karakter Rasa & Cupping #Shorts,After-taste kopi Sumatra biasanya bertahan lama di lidah. Eps 78/100 seri Kopi Sumatra: Dari Kebun ke Cangkir. #kopisumatra #edukasikopi #Shorts
79,Mitos vs Fakta,Perbandingan,Kebun Kopi Gayo,Adit,25-35 detik,Mitos vs Fakta — Perbandingan (Adit @ Kebun Kopi Gayo),Kebun Kopi Gayo: mari kita bandingkan dua sisi soal kopi organik berarti tanpa proses sama sekali.,Kopi Sumatra organik tidak otomatis berarti tanpa proses sama sekali - tetap melalui giling basah standar. | Tidak semua kopi Sumatra adalah kopi luwak - luwak hanya sebagian sangat kecil dari produksi.,Menurut kamu mana yang lebih menarik? Komen di bawah!,Kopi Sumatra organik tidak otomatis berarti tanpa proses sama sekali - tetap melalui giling basah standar.,Kebun Kopi Gayo: mari kita bandingkan dua sisi soal kopi organik berarti tanpa proses sama sekali. Eps 79/100 🌱☕,#kopisumatra #mitosfakta #edukasikopi #coffeetok,Mitos vs Fakta #Shorts,Kopi Sumatra organik tidak otomatis berarti tanpa proses sama sekali - tetap melalui giling basah standar. Eps 79/100 seri Kopi Sumatra: Dari Kebun ke Cangkir. #kopisumatra #edukasikopi #Shorts
80,Mitos vs Fakta,Fakta Cepat,Kebun Kopi Lintong,Pak Bahri,15-20 detik,Mitos vs Fakta — Fakta Cepat (Pak Bahri @ Kebun Kopi Lintong),Tau nggak kenapa kopi organik berarti tanpa proses sama sekali?,Kopi Sumatra organik tidak otomatis berarti tanpa proses sama sekali - tetap melalui giling basah standar.,Follow biar kamu makin banyak tau fakta kopi Sumatra!,Kopi Sumatra organik tidak otomatis berarti tanpa proses sama sekali - tetap melalui giling basah standar.,Tau nggak kenapa kopi organik berarti tanpa proses sama sekali? Eps 80/100 🌱☕,#kopisumatra #mitosfakta #edukasikopi #coffeetok,Mitos vs Fakta #Shorts,Kopi Sumatra organik tidak otomatis berarti tanpa proses sama sekali - tetap melalui giling basah standar. Eps 80/100 seri Kopi Sumatra: Dari Kebun ke Cangkir. #kopisumatra #edukasikopi #Shorts
81,Metode Seduh,Tutorial Mini,Kebun Kopi Lintong,Pak Bahri,20-30 detik,Metode Seduh — Tutorial Mini (Pak Bahri @ Kebun Kopi Lintong),"Begini cara ukuran gilingan memengaruhi rasa kopi, gampang kok!",Ukuran gilingan (grind size) sangat memengaruhi rasa akhir dari metode seduh apapun. | French press dan moka pot sangat cocok untuk menonjolkan body tebal kopi Sumatra.,Save video ini biar nggak lupa langkahnya!,Ukuran gilingan (grind size) sangat memengaruhi rasa akhir dari metode seduh apapun.,"Begini cara ukuran gilingan memengaruhi rasa kopi, gampang kok! Eps 81/100 🌱☕",#kopisumatra #brewing #edukasikopi #coffeetok,Metode Seduh #Shorts,Ukuran gilingan (grind size) sangat memengaruhi rasa akhir dari metode seduh apapun. Eps 81/100 seri Kopi Sumatra: Dari Kebun ke Cangkir. #kopisumatra #edukasikopi #Shorts
82,Asal-usul & Geografi,ASMR Proses,Kebun Kopi Lintong,Adit,20-30 detik,Asal-usul & Geografi — ASMR Proses (Adit @ Kebun Kopi Lintong),Dengarkan dan lihat prosesnya baik-baik.,"Sumatra didominasi kopi Arabika di dataran tinggi, bukan Robusta. | Tiga sentra utama kopi Sumatra: Gayo (Aceh), Lintong, dan Mandailing (Sumatera Utara).",Tenang banget ya prosesnya? Follow buat konten ASMR kopi lainnya!,"Sumatra didominasi kopi Arabika di dataran tinggi, bukan Robusta.",Dengarkan dan lihat prosesnya baik-baik. Eps 82/100 🌱☕,#kopisumatra #asalusul #edukasikopi #coffeetok,Asal-usul & Geografi #Shorts,"Sumatra didominasi kopi Arabika di dataran tinggi, bukan Robusta. Eps 82/100 seri Kopi Sumatra: Dari Kebun ke Cangkir. #kopisumatra #edukasikopi #Shorts"
83,Karakter Rasa & Cupping,Fakta Cepat,Kebun Kopi Lintong,Adit,15-20 detik,Karakter Rasa & Cupping — Fakta Cepat (Adit @ Kebun Kopi Lintong),Tau nggak kenapa after-taste kopi sumatra tahan lama?,After-taste kopi Sumatra biasanya bertahan lama di lidah.,Follow biar kamu makin banyak tau fakta kopi Sumatra!,After-taste kopi Sumatra biasanya bertahan lama di lidah.,Tau nggak kenapa after-taste kopi sumatra tahan lama? Eps 83/100 🌱☕,#kopisumatra #citarasa #edukasikopi #coffeetok,Karakter Rasa & Cupping #Shorts,After-taste kopi Sumatra biasanya bertahan lama di lidah. Eps 83/100 seri Kopi Sumatra: Dari Kebun ke Cangkir. #kopisumatra #edukasikopi #Shorts
84,Karakter Rasa & Cupping,Fakta Cepat,Kebun Kopi Gayo,Kak Nur,15-20 detik,Karakter Rasa & Cupping — Fakta Cepat (Kak Nur @ Kebun Kopi Gayo),Tau nggak kenapa after-taste kopi sumatra tahan lama?,After-taste kopi Sumatra biasanya bertahan lama di lidah.,Follow biar kamu makin banyak tau fakta kopi Sumatra!,After-taste kopi Sumatra biasanya bertahan lama di lidah.,Tau nggak kenapa after-taste kopi sumatra tahan lama? Eps 84/100 🌱☕,#kopisumatra #citarasa #edukasikopi #coffeetok,Karakter Rasa & Cupping #Shorts,After-taste kopi Sumatra biasanya bertahan lama di lidah. Eps 84/100 seri Kopi Sumatra: Dari Kebun ke Cangkir. #kopisumatra #edukasikopi #Shorts
85,Karakter Rasa & Cupping,Tanya Jawab Interaktif,Rumah Giling & Roastery Mandailing,Adit,20-30 detik,Karakter Rasa & Cupping — Tanya Jawab Interaktif (Adit @ Rumah Giling & Roastery Mandailing),Adit mau tanya: menurut kamu kenapa after-taste kopi sumatra tahan lama?,After-taste kopi Sumatra biasanya bertahan lama di lidah.,"Tulis jawabanmu di komentar, nanti dijawab Adit di video berikutnya!",After-taste kopi Sumatra biasanya bertahan lama di lidah.,Adit mau tanya: menurut kamu kenapa after-taste kopi sumatra tahan lama? Eps 85/100 🌱☕,#kopisumatra #citarasa #edukasikopi #coffeetok,Karakter Rasa & Cupping #Shorts,After-taste kopi Sumatra biasanya bertahan lama di lidah. Eps 85/100 seri Kopi Sumatra: Dari Kebun ke Cangkir. #kopisumatra #edukasikopi #Shorts
86,Sortasi & Fermentasi,Di Balik Layar,Kebun Kopi Lintong,Kak Nur,25-35 detik,Sortasi & Fermentasi — Di Balik Layar (Kak Nur @ Kebun Kopi Lintong),Ini sisi yang jarang orang lihat dari sortasi memengaruhi harga jual kopi.,"Kualitas sortasi sangat memengaruhi harga jual kopi ke eksportir. | Setelah giling basah, biji kopi disortasi manual untuk membuang biji cacat atau berlubang.",Follow buat lihat lebih banyak sisi di balik layar kopi Sumatra!,Kualitas sortasi sangat memengaruhi harga jual kopi ke eksportir.,Ini sisi yang jarang orang lihat dari sortasi memengaruhi harga jual kopi. Eps 86/100 🌱☕,#kopisumatra #sortasifermentasi #edukasikopi #coffeetok,Sortasi & Fermentasi #Shorts,Kualitas sortasi sangat memengaruhi harga jual kopi ke eksportir. Eps 86/100 seri Kopi Sumatra: Dari Kebun ke Cangkir. #kopisumatra #edukasikopi #Shorts
87,Proses Roasting,Tanya Jawab Interaktif,Rumah Giling & Roastery Mandailing,Kak Nur,20-30 detik,Proses Roasting — Tanya Jawab Interaktif (Kak Nur @ Rumah Giling & Roastery Mandailing),Kak Nur mau tanya: menurut kamu kenapa biji kopi berubah drastis saat di-roast?,Biji kopi kehilangan berat dan berubah warna drastis selama proses roasting.,"Tulis jawabanmu di komentar, nanti dijawab Kak Nur di video berikutnya!",Biji kopi kehilangan berat dan berubah warna drastis selama proses roasting.,Kak Nur mau tanya: menurut kamu kenapa biji kopi berubah drastis saat di-roast? Eps 87/100 🌱☕,#kopisumatra #roasting #edukasikopi #coffeetok,Proses Roasting #Shorts,Biji kopi kehilangan berat dan berubah warna drastis selama proses roasting. Eps 87/100 seri Kopi Sumatra: Dari Kebun ke Cangkir. #kopisumatra #edukasikopi #Shorts
88,Proses Giling Basah (ciri khas Sumatra),Tanya Jawab Interaktif,Rumah Giling & Roastery Mandailing,Pak Bahri,20-30 detik,Proses Giling Basah (ciri khas Sumatra) — Tanya Jawab Interaktif (Pak Bahri @ Rumah Giling & Roastery Mandailing),Pak Bahri mau tanya: menurut kamu kenapa petani sumatra mengembangkan giling basah?,Giling basah berkembang sebagai solusi petani menghadapi cuaca tropis yang lembap.,"Tulis jawabanmu di komentar, nanti dijawab Pak Bahri di video berikutnya!",Giling basah berkembang sebagai solusi petani menghadapi cuaca tropis yang lembap.,Pak Bahri mau tanya: menurut kamu kenapa petani sumatra mengembangkan giling basah? Eps 88/100 🌱☕,#kopisumatra #gilingbasah #edukasikopi #coffeetok,Proses Giling Basah (ciri khas Sumatra) #Shorts,Giling basah berkembang sebagai solusi petani menghadapi cuaca tropis yang lembap. Eps 88/100 seri Kopi Sumatra: Dari Kebun ke Cangkir. #kopisumatra #edukasikopi #Shorts
89,Proses Roasting,Sejarah Singkat,Kebun Kopi Lintong,Kak Nur,25-35 detik,Proses Roasting — Sejarah Singkat (Kak Nur @ Kebun Kopi Lintong),Sejarah singkat kenapa biji kopi berubah drastis saat di-roast.,"Biji kopi kehilangan berat dan berubah warna drastis selama proses roasting. | Karena body-nya tebal, kopi Sumatra sering di-roast pada level medium hingga dark.",Mau tau sejarah kopi lainnya? Follow ya!,Biji kopi kehilangan berat dan berubah warna drastis selama proses roasting.,Sejarah singkat kenapa biji kopi berubah drastis saat di-roast. Eps 89/100 🌱☕,#kopisumatra #roasting #edukasikopi #coffeetok,Proses Roasting #Shorts,Biji kopi kehilangan berat dan berubah warna drastis selama proses roasting. Eps 89/100 seri Kopi Sumatra: Dari Kebun ke Cangkir. #kopisumatra #edukasikopi #Shorts
90,Penanaman & Perawatan,Fakta Cepat,Rumah Giling & Roastery Mandailing,Pak Bahri,15-20 detik,Penanaman & Perawatan — Fakta Cepat (Pak Bahri @ Rumah Giling & Roastery Mandailing),Tau nggak kenapa naungan pohon menjaga kelembapan tanah?,Naungan pohon juga membantu menjaga kelembapan tanah di musim kering.,Follow biar kamu makin banyak tau fakta kopi Sumatra!,Naungan pohon juga membantu menjaga kelembapan tanah di musim kering.,Tau nggak kenapa naungan pohon menjaga kelembapan tanah? Eps 90/100 🌱☕,#kopisumatra #penanaman #edukasikopi #coffeetok,Penanaman & Perawatan #Shorts,Naungan pohon juga membantu menjaga kelembapan tanah di musim kering. Eps 90/100 seri Kopi Sumatra: Dari Kebun ke Cangkir. #kopisumatra #edukasikopi #Shorts
91,Asal-usul & Geografi,Day in the Life,Rumah Giling & Roastery Mandailing,Adit,25-40 detik,Asal-usul & Geografi — Day in the Life (Adit @ Rumah Giling & Roastery Mandailing),Sehari mengikuti Adit di Rumah Giling & Roastery Mandailing.,"Sumatra didominasi kopi Arabika di dataran tinggi, bukan Robusta. | Tiga sentra utama kopi Sumatra: Gayo (Aceh), Lintong, dan Mandailing (Sumatera Utara).",Follow buat ikutin keseharian Adit bikin kopi Sumatra tiap hari!,"Sumatra didominasi kopi Arabika di dataran tinggi, bukan Robusta.",Sehari mengikuti Adit di Rumah Giling & Roastery Mandailing. Eps 91/100 🌱☕,#kopisumatra #asalusul #edukasikopi #coffeetok,Asal-usul & Geografi #Shorts,"Sumatra didominasi kopi Arabika di dataran tinggi, bukan Robusta. Eps 91/100 seri Kopi Sumatra: Dari Kebun ke Cangkir. #kopisumatra #edukasikopi #Shorts"
92,Budaya Ngopi & Petani,Perbandingan,Rumah Giling & Roastery Mandailing,Kak Nur,25-35 detik,Budaya Ngopi & Petani — Perbandingan (Kak Nur @ Rumah Giling & Roastery Mandailing),Rumah Giling & Roastery Mandailing: mari kita bandingkan dua sisi soal harga kopi dunia memengaruhi petani kecil.,"Harga kopi dunia yang fluktuatif berdampak langsung pada pendapatan petani kecil. | Warung kopi adalah pusat sosial di Aceh, tempat diskusi hingga transaksi bisnis.",Menurut kamu mana yang lebih menarik? Komen di bawah!,Harga kopi dunia yang fluktuatif berdampak langsung pada pendapatan petani kecil.,Rumah Giling & Roastery Mandailing: mari kita bandingkan dua sisi soal harga kopi dunia memengaruhi petani kecil. Eps 92/100 🌱☕,#kopisumatra #budaya #edukasikopi #coffeetok,Budaya Ngopi & Petani #Shorts,Harga kopi dunia yang fluktuatif berdampak langsung pada pendapatan petani kecil. Eps 92/100 seri Kopi Sumatra: Dari Kebun ke Cangkir. #kopisumatra #edukasikopi #Shorts
93,Proses Giling Basah (ciri khas Sumatra),Fakta Cepat,Rumah Giling & Roastery Mandailing,Kak Nur,15-20 detik,Proses Giling Basah (ciri khas Sumatra) — Fakta Cepat (Kak Nur @ Rumah Giling & Roastery Mandailing),Tau nggak kenapa petani sumatra mengembangkan giling basah?,Giling basah berkembang sebagai solusi petani menghadapi cuaca tropis yang lembap.,Follow biar kamu makin banyak tau fakta kopi Sumatra!,Giling basah berkembang sebagai solusi petani menghadapi cuaca tropis yang lembap.,Tau nggak kenapa petani sumatra mengembangkan giling basah? Eps 93/100 🌱☕,#kopisumatra #gilingbasah #edukasikopi #coffeetok,Proses Giling Basah (ciri khas Sumatra) #Shorts,Giling basah berkembang sebagai solusi petani menghadapi cuaca tropis yang lembap. Eps 93/100 seri Kopi Sumatra: Dari Kebun ke Cangkir. #kopisumatra #edukasikopi #Shorts
94,Sortasi & Fermentasi,Tanya Jawab Interaktif,Kebun Kopi Gayo,Pak Bahri,20-30 detik,Sortasi & Fermentasi — Tanya Jawab Interaktif (Pak Bahri @ Kebun Kopi Gayo),Pak Bahri mau tanya: menurut kamu kenapa sortasi memengaruhi harga jual kopi?,Kualitas sortasi sangat memengaruhi harga jual kopi ke eksportir.,"Tulis jawabanmu di komentar, nanti dijawab Pak Bahri di video berikutnya!",Kualitas sortasi sangat memengaruhi harga jual kopi ke eksportir.,Pak Bahri mau tanya: menurut kamu kenapa sortasi memengaruhi harga jual kopi? Eps 94/100 🌱☕,#kopisumatra #sortasifermentasi #edukasikopi #coffeetok,Sortasi & Fermentasi #Shorts,Kualitas sortasi sangat memengaruhi harga jual kopi ke eksportir. Eps 94/100 seri Kopi Sumatra: Dari Kebun ke Cangkir. #kopisumatra #edukasikopi #Shorts
95,Panen (Petik Merah),Mitos vs Fakta,Kebun Kopi Lintong,Adit,20-30 detik,Panen (Petik Merah) — Mitos vs Fakta (Adit @ Kebun Kopi Lintong),Katanya panen jadi tahap paling padat karya. Beneran gitu?,"Panen adalah tahap paling padat karya dalam seluruh rantai produksi kopi. | Kopi kualitas terbaik dipanen manual, hanya ceri yang sudah merah matang (petik merah).",Follow biar kamu nggak salah kaprah soal kopi lagi!,Panen adalah tahap paling padat karya dalam seluruh rantai produksi kopi.,Katanya panen jadi tahap paling padat karya. Beneran gitu? Eps 95/100 🌱☕,#kopisumatra #panen #edukasikopi #coffeetok,Panen (Petik Merah) #Shorts,Panen adalah tahap paling padat karya dalam seluruh rantai produksi kopi. Eps 95/100 seri Kopi Sumatra: Dari Kebun ke Cangkir. #kopisumatra #edukasikopi #Shorts
96,Metode Seduh,Fakta Cepat,Kebun Kopi Gayo,Adit,15-20 detik,Metode Seduh — Fakta Cepat (Adit @ Kebun Kopi Gayo),Tau nggak kenapa ukuran gilingan memengaruhi rasa kopi?,Ukuran gilingan (grind size) sangat memengaruhi rasa akhir dari metode seduh apapun.,Follow biar kamu makin banyak tau fakta kopi Sumatra!,Ukuran gilingan (grind size) sangat memengaruhi rasa akhir dari metode seduh apapun.,Tau nggak kenapa ukuran gilingan memengaruhi rasa kopi? Eps 96/100 🌱☕,#kopisumatra #brewing #edukasikopi #coffeetok,Metode Seduh #Shorts,Ukuran gilingan (grind size) sangat memengaruhi rasa akhir dari metode seduh apapun. Eps 96/100 seri Kopi Sumatra: Dari Kebun ke Cangkir. #kopisumatra #edukasikopi #Shorts
97,Mitos vs Fakta,Tutorial Mini,Rumah Giling & Roastery Mandailing,Pak Bahri,20-30 detik,Mitos vs Fakta — Tutorial Mini (Pak Bahri @ Rumah Giling & Roastery Mandailing),"Begini cara kopi organik berarti tanpa proses sama sekali, gampang kok!",Kopi Sumatra organik tidak otomatis berarti tanpa proses sama sekali - tetap melalui giling basah standar. | Tidak semua kopi Sumatra adalah kopi luwak - luwak hanya sebagian sangat kecil dari produksi.,Save video ini biar nggak lupa langkahnya!,Kopi Sumatra organik tidak otomatis berarti tanpa proses sama sekali - tetap melalui giling basah standar.,"Begini cara kopi organik berarti tanpa proses sama sekali, gampang kok! Eps 97/100 🌱☕",#kopisumatra #mitosfakta #edukasikopi #coffeetok,Mitos vs Fakta #Shorts,Kopi Sumatra organik tidak otomatis berarti tanpa proses sama sekali - tetap melalui giling basah standar. Eps 97/100 seri Kopi Sumatra: Dari Kebun ke Cangkir. #kopisumatra #edukasikopi #Shorts
98,Metode Seduh,Sejarah Singkat,Rumah Giling & Roastery Mandailing,Adit,25-35 detik,Metode Seduh — Sejarah Singkat (Adit @ Rumah Giling & Roastery Mandailing),Sejarah singkat kenapa ukuran gilingan memengaruhi rasa kopi.,Ukuran gilingan (grind size) sangat memengaruhi rasa akhir dari metode seduh apapun. | French press dan moka pot sangat cocok untuk menonjolkan body tebal kopi Sumatra.,Mau tau sejarah kopi lainnya? Follow ya!,Ukuran gilingan (grind size) sangat memengaruhi rasa akhir dari metode seduh apapun.,Sejarah singkat kenapa ukuran gilingan memengaruhi rasa kopi. Eps 98/100 🌱☕,#kopisumatra #brewing #edukasikopi #coffeetok,Metode Seduh #Shorts,Ukuran gilingan (grind size) sangat memengaruhi rasa akhir dari metode seduh apapun. Eps 98/100 seri Kopi Sumatra: Dari Kebun ke Cangkir. #kopisumatra #edukasikopi #Shorts
99,Sortasi & Fermentasi,Di Balik Layar,Kebun Kopi Gayo,Kak Nur,25-35 detik,Sortasi & Fermentasi — Di Balik Layar (Kak Nur @ Kebun Kopi Gayo),Ini sisi yang jarang orang lihat dari sortasi memengaruhi harga jual kopi.,"Kualitas sortasi sangat memengaruhi harga jual kopi ke eksportir. | Setelah giling basah, biji kopi disortasi manual untuk membuang biji cacat atau berlubang.",Follow buat lihat lebih banyak sisi di balik layar kopi Sumatra!,Kualitas sortasi sangat memengaruhi harga jual kopi ke eksportir.,Ini sisi yang jarang orang lihat dari sortasi memengaruhi harga jual kopi. Eps 99/100 🌱☕,#kopisumatra #sortasifermentasi #edukasikopi #coffeetok,Sortasi & Fermentasi #Shorts,Kualitas sortasi sangat memengaruhi harga jual kopi ke eksportir. Eps 99/100 seri Kopi Sumatra: Dari Kebun ke Cangkir. #kopisumatra #edukasikopi #Shorts
100,Proses Roasting,ASMR Proses,Kebun Kopi Gayo,Adit,20-30 detik,Proses Roasting — ASMR Proses (Adit @ Kebun Kopi Gayo),Dengarkan dan lihat prosesnya baik-baik.,"Biji kopi kehilangan berat dan berubah warna drastis selama proses roasting. | Karena body-nya tebal, kopi Sumatra sering di-roast pada level medium hingga dark.",Tenang banget ya prosesnya? Follow buat konten ASMR kopi lainnya!,Biji kopi kehilangan berat dan berubah warna drastis selama proses roasting.,Dengarkan dan lihat prosesnya baik-baik. Eps 100/100 🌱☕,#kopisumatra #roasting #edukasikopi #coffeetok,Proses Roasting #Shorts,Biji kopi kehilangan berat dan berubah warna drastis selama proses roasting. Eps 100/100 seri Kopi Sumatra: Dari Kebun ke Cangkir. #kopisumatra #edukasikopi #Shorts
